[{"Id":1,"Marca":"Mercedes Benz","Precio":"$417799.13","Color":"Purple","Modelo":1943},
{"Id":2,"Marca":"Fiat","Precio":"$430484.79","Color":"Green","Modelo":1969},
{"Id":3,"Marca":"BMW","Precio":"$451170.46","Color":"Crimson","Modelo":1943},
{"Id":4,"Marca":"BMW","Precio":"$85829.99","Color":"Aquamarine","Modelo":1978},
{"Id":5,"Marca":"Chevrolet","Precio":"$67960.10","Color":"Orange","Modelo":2006},
{"Id":6,"Marca":"Volvo","Precio":"¥161316.10","Color":"Puce","Modelo":2014},
{"Id":7,"Marca":"Chevrolet","Precio":"£227545.51","Color":"Purple","Modelo":2006},
{"Id":8,"Marca":"Mercedes Benz","Precio":"£382480.57","Color":"Khaki","Modelo":2010},
{"Id":9,"Marca":"BMW","Precio":"€165797,20","Color":"Khaki","Modelo":1999},
{"Id":10,"Marca":"Ford","Precio":"€128014,47","Color":"Khaki","Modelo":1997},
{"Id":11,"Marca":"Fiat","Precio":"€269105,24","Color":"Crimson","Modelo":1971},
{"Id":12,"Marca":"Ford","Precio":"$79222.24","Color":"Green","Modelo":1993},
{"Id":13,"Marca":"BMW","Precio":"€357049,60","Color":"Crimson","Modelo":1936},
{"Id":14,"Marca":"BMW","Precio":"$473048.83","Color":"Red","Modelo":1979},
{"Id":15,"Marca":"Porche","Precio":"$40498.63","Color":"Indigo","Modelo":1982},
{"Id":16,"Marca":"Fiat","Precio":"¥412383.11","Color":"Teal","Modelo":1989},
{"Id":17,"Marca":"Renault","Precio":"€327702,20","Color":"Green","Modelo":1999},
{"Id":18,"Marca":"Volvo","Precio":"$128256.73","Color":"Blue","Modelo":1967},
{"Id":19,"Marca":"Fiat","Precio":"€273391,01","Color":"Aquamarine","Modelo":1989},
{"Id":20,"Marca":"Fiat","Precio":"¥44567.45","Color":"Blue","Modelo":1947},
{"Id":21,"Marca":"Renault","Precio":"¥351174.69","Color":"Yellow","Modelo":2011},
{"Id":22,"Marca":"Volvo","Precio":"£93492.75","Color":"Aquamarine","Modelo":1964},
{"Id":23,"Marca":"Chevrolet","Precio":"¥387488.40","Color":"Khaki","Modelo":1950},
{"Id":24,"Marca":"Mercedes Benz","Precio":"£142936.35","Color":"Indigo","Modelo":2001},
{"Id":25,"Marca":"BMW","Precio":"£405014.60","Color":"Mauv","Modelo":2012},
{"Id":26,"Marca":"Fiat","Precio":"¥141700.89","Color":"Violet","Modelo":1963},
{"Id":27,"Marca":"Renault","Precio":"£400627.01","Color":"Blue","Modelo":1978},
{"Id":28,"Marca":"Ford","Precio":"£135395.11","Color":"Pink","Modelo":1939},
{"Id":29,"Marca":"Ford","Precio":"$96005.61","Color":"Violet","Modelo":1943},
{"Id":30,"Marca":"Fiat","Precio":"$466348.38","Color":"Aquamarine","Modelo":1998},
{"Id":31,"Marca":"Volvo","Precio":"¥131527.97","Color":"Puce","Modelo":1982},
{"Id":32,"Marca":"Mercedes Benz","Precio":"£248815.74","Color":"Mauv","Modelo":1975},
{"Id":33,"Marca":"Chevrolet","Precio":"€421686,53","Color":"Aquamarine","Modelo":1988},
{"Id":34,"Marca":"Ferrari","Precio":"£150606.39","Color":"Purple","Modelo":1936},
{"Id":35,"Marca":"Porche","Precio":"$320728.35","Color":"Blue","Modelo":2012},
{"Id":36,"Marca":"Volvo","Precio":"€75520,49","Color":"Indigo","Modelo":1950},
{"Id":37,"Marca":"Lotus","Precio":"$33835.83","Color":"Red","Modelo":1989},
{"Id":38,"Marca":"Mercedes Benz","Precio":"¥143067.13","Color":"Mauv","Modelo":1939},
{"Id":39,"Marca":"BMW","Precio":"£470324.92","Color":"Fuscia","Modelo":1999},
{"Id":40,"Marca":"Mercedes Benz","Precio":"£103935.13","Color":"Crimson","Modelo":1969},
{"Id":41,"Marca":"Renault","Precio":"¥298089.75","Color":"Puce","Modelo":1984},
{"Id":42,"Marca":"Porche","Precio":"$50722.15","Color":"Maroon","Modelo":1945},
{"Id":43,"Marca":"Lotus","Precio":"$290092.42","Color":"Aquamarine","Modelo":1978},
{"Id":44,"Marca":"Ford","Precio":"£87985.58","Color":"Violet","Modelo":1948},
{"Id":45,"Marca":"Chevrolet","Precio":"£64477.93","Color":"Indigo","Modelo":1996},
{"Id":46,"Marca":"Renault","Precio":"€488917,70","Color":"Green","Modelo":1945},
{"Id":47,"Marca":"Volvo","Precio":"£379772.67","Color":"Puce","Modelo":1995},
{"Id":48,"Marca":"Porche","Precio":"€25288,40","Color":"Yellow","Modelo":1989},
{"Id":49,"Marca":"Fiat","Precio":"€218365,14","Color":"Khaki","Modelo":1983},
{"Id":50,"Marca":"Mercedes Benz","Precio":"£199199.99","Color":"Violet","Modelo":2008},
{"Id":51,"Marca":"Mercedes Benz","Precio":"£228847.51","Color":"Teal","Modelo":1951},
{"Id":52,"Marca":"Volvo","Precio":"¥318164.55","Color":"Turquoise","Modelo":1956},
{"Id":53,"Marca":"Ford","Precio":"¥434590.39","Color":"Crimson","Modelo":1972},
{"Id":54,"Marca":"Ford","Precio":"¥409671.93","Color":"Maroon","Modelo":1962},
{"Id":55,"Marca":"Volvo","Precio":"€480470,80","Color":"Aquamarine","Modelo":1948},
{"Id":56,"Marca":"Porche","Precio":"¥226676.79","Color":"Purple","Modelo":1959},
{"Id":57,"Marca":"Renault","Precio":"$489406.06","Color":"Green","Modelo":1977},
{"Id":58,"Marca":"Fiat","Precio":"$296468.85","Color":"Red","Modelo":1982},
{"Id":59,"Marca":"Ford","Precio":"£154341.88","Color":"Purple","Modelo":1947},
{"Id":60,"Marca":"Renault","Precio":"€291129,55","Color":"Pink","Modelo":1953},
{"Id":61,"Marca":"Fiat","Precio":"¥468830.57","Color":"Crimson","Modelo":1992},
{"Id":62,"Marca":"Ford","Precio":"¥286286.48","Color":"Violet","Modelo":1941},
{"Id":63,"Marca":"Fiat","Precio":"$123161.73","Color":"Blue","Modelo":1990},
{"Id":64,"Marca":"Ford","Precio":"$42360.90","Color":"Crimson","Modelo":1949},
{"Id":65,"Marca":"BMW","Precio":"¥274174.29","Color":"Teal","Modelo":2002},
{"Id":66,"Marca":"Mercedes Benz","Precio":"£376291.83","Color":"Aquamarine","Modelo":1968},
{"Id":67,"Marca":"BMW","Precio":"¥156400.04","Color":"Khaki","Modelo":1960},
{"Id":68,"Marca":"Ford","Precio":"€94518,52","Color":"Purple","Modelo":1963},
{"Id":69,"Marca":"Volvo","Precio":"¥248066.88","Color":"Yellow","Modelo":1940},
{"Id":70,"Marca":"Chevrolet","Precio":"€282504,26","Color":"Fuscia","Modelo":2000},
{"Id":71,"Marca":"BMW","Precio":"¥325304.25","Color":"Indigo","Modelo":1936},
{"Id":72,"Marca":"BMW","Precio":"€87935,27","Color":"Green","Modelo":1941},
{"Id":73,"Marca":"Ford","Precio":"$207956.49","Color":"Goldenrod","Modelo":1938},
{"Id":74,"Marca":"Ford","Precio":"$29765.00","Color":"Khaki","Modelo":1999},
{"Id":75,"Marca":"Ford","Precio":"$98125.16","Color":"Purple","Modelo":2006},
{"Id":76,"Marca":"Volvo","Precio":"£438126.73","Color":"Indigo","Modelo":1951},
{"Id":77,"Marca":"Lotus","Precio":"€89243,45","Color":"Khaki","Modelo":1990},
{"Id":78,"Marca":"Ferrari","Precio":"¥187034.23","Color":"Orange","Modelo":1999},
{"Id":79,"Marca":"Ferrari","Precio":"€235096,97","Color":"Puce","Modelo":1941},
{"Id":80,"Marca":"Chevrolet","Precio":"¥33408.01","Color":"Khaki","Modelo":2003},
{"Id":81,"Marca":"Renault","Precio":"$167586.47","Color":"Teal","Modelo":1959},
{"Id":82,"Marca":"Chevrolet","Precio":"¥331323.06","Color":"Blue","Modelo":1957},
{"Id":83,"Marca":"Volvo","Precio":"$287020.79","Color":"Goldenrod","Modelo":1962},
{"Id":84,"Marca":"Lotus","Precio":"€353796,14","Color":"Crimson","Modelo":2002},
{"Id":85,"Marca":"Ford","Precio":"£467009.66","Color":"Turquoise","Modelo":1939},
{"Id":86,"Marca":"BMW","Precio":"£122432.28","Color":"Goldenrod","Modelo":1962},
{"Id":87,"Marca":"Fiat","Precio":"¥267251.88","Color":"Khaki","Modelo":1995},
{"Id":88,"Marca":"BMW","Precio":"$188747.36","Color":"Aquamarine","Modelo":2003},
{"Id":89,"Marca":"Fiat","Precio":"$319911.44","Color":"Goldenrod","Modelo":1988},
{"Id":90,"Marca":"Mercedes Benz","Precio":"$492210.20","Color":"Mauv","Modelo":1974},
{"Id":91,"Marca":"BMW","Precio":"¥111435.91","Color":"Maroon","Modelo":2008},
{"Id":92,"Marca":"Lotus","Precio":"¥134719.53","Color":"Teal","Modelo":1980},
{"Id":93,"Marca":"Chevrolet","Precio":"$465509.15","Color":"Puce","Modelo":1999},
{"Id":94,"Marca":"Renault","Precio":"£151316.15","Color":"Crimson","Modelo":1938},
{"Id":95,"Marca":"Ferrari","Precio":"$152145.39","Color":"Teal","Modelo":1942},
{"Id":96,"Marca":"Porche","Precio":"¥78064.70","Color":"Goldenrod","Modelo":1972},
{"Id":97,"Marca":"Renault","Precio":"¥444022.12","Color":"Goldenrod","Modelo":1984},
{"Id":98,"Marca":"Chevrolet","Precio":"$277027.32","Color":"Fuscia","Modelo":2011},
{"Id":99,"Marca":"Porche","Precio":"€423109,14","Color":"Khaki","Modelo":1944},
{"Id":100,"Marca":"BMW","Precio":"£445805.30","Color":"Yellow","Modelo":2003},
{"Id":101,"Marca":"Mercedes Benz","Precio":"€87462,52","Color":"Maroon","Modelo":1973},
{"Id":102,"Marca":"Renault","Precio":"£300193.20","Color":"Crimson","Modelo":1950},
{"Id":103,"Marca":"Fiat","Precio":"¥27729.29","Color":"Teal","Modelo":1957},
{"Id":104,"Marca":"Renault","Precio":"€253919,83","Color":"Mauv","Modelo":2012},
{"Id":105,"Marca":"Porche","Precio":"$151665.81","Color":"Violet","Modelo":1979},
{"Id":106,"Marca":"Ferrari","Precio":"¥487397.04","Color":"Maroon","Modelo":2005},
{"Id":107,"Marca":"Chevrolet","Precio":"$477893.01","Color":"Aquamarine","Modelo":2004},
{"Id":108,"Marca":"Renault","Precio":"¥303694.00","Color":"Red","Modelo":1976},
{"Id":109,"Marca":"Lotus","Precio":"$234008.22","Color":"Orange","Modelo":1942},
{"Id":110,"Marca":"Fiat","Precio":"£304439.93","Color":"Blue","Modelo":1941},
{"Id":111,"Marca":"Chevrolet","Precio":"¥490142.55","Color":"Green","Modelo":1963},
{"Id":112,"Marca":"Fiat","Precio":"£219901.05","Color":"Green","Modelo":2000},
{"Id":113,"Marca":"BMW","Precio":"€234945,21","Color":"Turquoise","Modelo":2001},
{"Id":114,"Marca":"Fiat","Precio":"¥262322.19","Color":"Mauv","Modelo":1991},
{"Id":115,"Marca":"Lotus","Precio":"$52750.64","Color":"Pink","Modelo":1969},
{"Id":116,"Marca":"Lotus","Precio":"£442889.47","Color":"Violet","Modelo":1993},
{"Id":117,"Marca":"Lotus","Precio":"¥304514.96","Color":"Yellow","Modelo":1987},
{"Id":118,"Marca":"Porche","Precio":"€102578,88","Color":"Turquoise","Modelo":1995},
{"Id":119,"Marca":"Porche","Precio":"$152749.72","Color":"Crimson","Modelo":2005},
{"Id":120,"Marca":"Chevrolet","Precio":"¥345410.33","Color":"Pink","Modelo":1975},
{"Id":121,"Marca":"Porche","Precio":"¥203985.43","Color":"Indigo","Modelo":1977},
{"Id":122,"Marca":"Ford","Precio":"$414714.18","Color":"Khaki","Modelo":1997},
{"Id":123,"Marca":"Ford","Precio":"£386001.98","Color":"Mauv","Modelo":2001},
{"Id":124,"Marca":"Mercedes Benz","Precio":"¥237985.84","Color":"Green","Modelo":1974},
{"Id":125,"Marca":"Volvo","Precio":"¥62689.22","Color":"Blue","Modelo":1958},
{"Id":126,"Marca":"Mercedes Benz","Precio":"£175320.66","Color":"Violet","Modelo":1947},
{"Id":127,"Marca":"Renault","Precio":"$191146.12","Color":"Turquoise","Modelo":1961},
{"Id":128,"Marca":"Chevrolet","Precio":"€478248,04","Color":"Violet","Modelo":1969},
{"Id":129,"Marca":"Ferrari","Precio":"€309110,32","Color":"Purple","Modelo":1996},
{"Id":130,"Marca":"Chevrolet","Precio":"€60509,18","Color":"Crimson","Modelo":1964},
{"Id":131,"Marca":"Ford","Precio":"$453550.53","Color":"Aquamarine","Modelo":1983},
{"Id":132,"Marca":"Renault","Precio":"£443672.39","Color":"Blue","Modelo":1964},
{"Id":133,"Marca":"Lotus","Precio":"$301384.20","Color":"Green","Modelo":1985},
{"Id":134,"Marca":"Porche","Precio":"$425299.03","Color":"Blue","Modelo":2010},
{"Id":135,"Marca":"BMW","Precio":"$338380.36","Color":"Teal","Modelo":1954},
{"Id":136,"Marca":"Lotus","Precio":"£424081.95","Color":"Khaki","Modelo":1994},
{"Id":137,"Marca":"Chevrolet","Precio":"€234509,36","Color":"Green","Modelo":1959},
{"Id":138,"Marca":"Ferrari","Precio":"€289506,17","Color":"Turquoise","Modelo":2011},
{"Id":139,"Marca":"Fiat","Precio":"$162256.92","Color":"Puce","Modelo":1949},
{"Id":140,"Marca":"Lotus","Precio":"¥257853.36","Color":"Maroon","Modelo":1967},
{"Id":141,"Marca":"Mercedes Benz","Precio":"£349947.68","Color":"Indigo","Modelo":1936},
{"Id":142,"Marca":"Renault","Precio":"€114084,60","Color":"Khaki","Modelo":1970},
{"Id":143,"Marca":"Lotus","Precio":"€84537,82","Color":"Puce","Modelo":1962},
{"Id":144,"Marca":"Ford","Precio":"¥175713.76","Color":"Puce","Modelo":1978},
{"Id":145,"Marca":"Porche","Precio":"$498576.98","Color":"Purple","Modelo":1956},
{"Id":146,"Marca":"Volvo","Precio":"£55578.90","Color":"Orange","Modelo":1993},
{"Id":147,"Marca":"Chevrolet","Precio":"€424190,12","Color":"Crimson","Modelo":1976},
{"Id":148,"Marca":"Chevrolet","Precio":"$383553.47","Color":"Maroon","Modelo":1991},
{"Id":149,"Marca":"BMW","Precio":"€404473,42","Color":"Teal","Modelo":1952},
{"Id":150,"Marca":"Lotus","Precio":"$201410.87","Color":"Violet","Modelo":2002},
{"Id":151,"Marca":"Mercedes Benz","Precio":"£250400.46","Color":"Puce","Modelo":2000},
{"Id":152,"Marca":"Lotus","Precio":"€365944,77","Color":"Teal","Modelo":1952},
{"Id":153,"Marca":"BMW","Precio":"$180357.03","Color":"Khaki","Modelo":1946},
{"Id":154,"Marca":"Volvo","Precio":"$466388.79","Color":"Red","Modelo":1981},
{"Id":155,"Marca":"Chevrolet","Precio":"¥412839.44","Color":"Orange","Modelo":2016},
{"Id":156,"Marca":"Ferrari","Precio":"$237756.92","Color":"Indigo","Modelo":2006},
{"Id":157,"Marca":"Ferrari","Precio":"€382506,22","Color":"Blue","Modelo":2000},
{"Id":158,"Marca":"Chevrolet","Precio":"€41368,20","Color":"Khaki","Modelo":1994},
{"Id":159,"Marca":"Volvo","Precio":"£99817.86","Color":"Fuscia","Modelo":1996},
{"Id":160,"Marca":"Renault","Precio":"€467738,09","Color":"Aquamarine","Modelo":1937},
{"Id":161,"Marca":"Porche","Precio":"€95035,29","Color":"Green","Modelo":2011},
{"Id":162,"Marca":"Ford","Precio":"¥142839.13","Color":"Blue","Modelo":1956},
{"Id":163,"Marca":"Fiat","Precio":"¥423430.52","Color":"Blue","Modelo":1938},
{"Id":164,"Marca":"Lotus","Precio":"€172306,54","Color":"Goldenrod","Modelo":1957},
{"Id":165,"Marca":"Renault","Precio":"€239832,17","Color":"Green","Modelo":1968},
{"Id":166,"Marca":"Mercedes Benz","Precio":"¥364146.74","Color":"Orange","Modelo":2005},
{"Id":167,"Marca":"Chevrolet","Precio":"£156855.19","Color":"Goldenrod","Modelo":1939},
{"Id":168,"Marca":"Porche","Precio":"¥96432.58","Color":"Fuscia","Modelo":1999},
{"Id":169,"Marca":"BMW","Precio":"€134890,93","Color":"Indigo","Modelo":1952},
{"Id":170,"Marca":"Porche","Precio":"$28642.94","Color":"Violet","Modelo":1963},
{"Id":171,"Marca":"Fiat","Precio":"¥403929.75","Color":"Aquamarine","Modelo":1956},
{"Id":172,"Marca":"Lotus","Precio":"$234723.40","Color":"Turquoise","Modelo":2012},
{"Id":173,"Marca":"Fiat","Precio":"£370161.95","Color":"Teal","Modelo":1938},
{"Id":174,"Marca":"Ford","Precio":"£478173.97","Color":"Khaki","Modelo":1955},
{"Id":175,"Marca":"Porche","Precio":"$232663.11","Color":"Goldenrod","Modelo":1995},
{"Id":176,"Marca":"Lotus","Precio":"£187033.09","Color":"Aquamarine","Modelo":1950},
{"Id":177,"Marca":"Ferrari","Precio":"$305966.93","Color":"Turquoise","Modelo":1997},
{"Id":178,"Marca":"Lotus","Precio":"£478527.32","Color":"Aquamarine","Modelo":1972},
{"Id":179,"Marca":"Renault","Precio":"¥321959.78","Color":"Orange","Modelo":1987},
{"Id":180,"Marca":"Ford","Precio":"¥464486.76","Color":"Violet","Modelo":2002},
{"Id":181,"Marca":"Ferrari","Precio":"£52057.97","Color":"Fuscia","Modelo":1936},
{"Id":182,"Marca":"Lotus","Precio":"$170888.92","Color":"Mauv","Modelo":1945},
{"Id":183,"Marca":"Renault","Precio":"$165961.89","Color":"Purple","Modelo":1967},
{"Id":184,"Marca":"Renault","Precio":"£242990.66","Color":"Pink","Modelo":2011},
{"Id":185,"Marca":"Chevrolet","Precio":"£162421.53","Color":"Teal","Modelo":1938},
{"Id":186,"Marca":"Mercedes Benz","Precio":"€168026,07","Color":"Teal","Modelo":1980},
{"Id":187,"Marca":"Chevrolet","Precio":"$248588.61","Color":"Goldenrod","Modelo":2001},
{"Id":188,"Marca":"Ferrari","Precio":"£214105.17","Color":"Fuscia","Modelo":1961},
{"Id":189,"Marca":"Lotus","Precio":"€462183,07","Color":"Orange","Modelo":2012},
{"Id":190,"Marca":"Fiat","Precio":"¥440648.29","Color":"Fuscia","Modelo":1994},
{"Id":191,"Marca":"Ferrari","Precio":"€368713,52","Color":"Teal","Modelo":1965},
{"Id":192,"Marca":"Ford","Precio":"£474440.06","Color":"Green","Modelo":2007},
{"Id":193,"Marca":"Mercedes Benz","Precio":"£235604.33","Color":"Pink","Modelo":1958},
{"Id":194,"Marca":"Renault","Precio":"€60594,52","Color":"Fuscia","Modelo":1979},
{"Id":195,"Marca":"Chevrolet","Precio":"£29786.00","Color":"Aquamarine","Modelo":2009},
{"Id":196,"Marca":"Lotus","Precio":"£59300.86","Color":"Purple","Modelo":1981},
{"Id":197,"Marca":"BMW","Precio":"¥294750.93","Color":"Yellow","Modelo":1992},
{"Id":198,"Marca":"Volvo","Precio":"£218446.56","Color":"Mauv","Modelo":1986},
{"Id":199,"Marca":"Volvo","Precio":"¥405946.49","Color":"Crimson","Modelo":1951},
{"Id":200,"Marca":"Renault","Precio":"$70564.94","Color":"Violet","Modelo":2006},
{"Id":201,"Marca":"Lotus","Precio":"£275602.11","Color":"Fuscia","Modelo":1976},
{"Id":202,"Marca":"Ford","Precio":"£309444.02","Color":"Crimson","Modelo":2001},
{"Id":203,"Marca":"Volvo","Precio":"€114419,14","Color":"Turquoise","Modelo":2007},
{"Id":204,"Marca":"Porche","Precio":"¥243589.53","Color":"Aquamarine","Modelo":1964},
{"Id":205,"Marca":"BMW","Precio":"$148443.55","Color":"Teal","Modelo":1989},
{"Id":206,"Marca":"Ferrari","Precio":"¥278289.66","Color":"Blue","Modelo":1974},
{"Id":207,"Marca":"Ferrari","Precio":"£348012.33","Color":"Orange","Modelo":2003},
{"Id":208,"Marca":"Ford","Precio":"€58742,27","Color":"Orange","Modelo":1975},
{"Id":209,"Marca":"Chevrolet","Precio":"£32441.04","Color":"Turquoise","Modelo":1949},
{"Id":210,"Marca":"BMW","Precio":"€206860,17","Color":"Turquoise","Modelo":1957},
{"Id":211,"Marca":"Porche","Precio":"¥115445.98","Color":"Mauv","Modelo":2003},
{"Id":212,"Marca":"Volvo","Precio":"¥194311.07","Color":"Fuscia","Modelo":1942},
{"Id":213,"Marca":"Renault","Precio":"$164753.07","Color":"Purple","Modelo":1974},
{"Id":214,"Marca":"Mercedes Benz","Precio":"¥416793.53","Color":"Red","Modelo":1979},
{"Id":215,"Marca":"BMW","Precio":"€150713,65","Color":"Green","Modelo":1938},
{"Id":216,"Marca":"Volvo","Precio":"¥328571.69","Color":"Blue","Modelo":2004},
{"Id":217,"Marca":"Porche","Precio":"€318163,53","Color":"Blue","Modelo":1949},
{"Id":218,"Marca":"Chevrolet","Precio":"€332031,85","Color":"Crimson","Modelo":1973},
{"Id":219,"Marca":"BMW","Precio":"$411376.38","Color":"Pink","Modelo":1982},
{"Id":220,"Marca":"Mercedes Benz","Precio":"$412361.85","Color":"Teal","Modelo":2013},
{"Id":221,"Marca":"Mercedes Benz","Precio":"€176257,49","Color":"Yellow","Modelo":1937},
{"Id":222,"Marca":"Volvo","Precio":"$341774.64","Color":"Goldenrod","Modelo":1944},
{"Id":223,"Marca":"Volvo","Precio":"£72294.50","Color":"Aquamarine","Modelo":1962},
{"Id":224,"Marca":"Lotus","Precio":"£317496.86","Color":"Crimson","Modelo":1988},
{"Id":225,"Marca":"Fiat","Precio":"€47579,43","Color":"Teal","Modelo":2004},
{"Id":226,"Marca":"Porche","Precio":"$176368.84","Color":"Khaki","Modelo":1958},
{"Id":227,"Marca":"Ferrari","Precio":"$383668.78","Color":"Blue","Modelo":1942},
{"Id":228,"Marca":"Ferrari","Precio":"¥426934.69","Color":"Mauv","Modelo":2002},
{"Id":229,"Marca":"Ford","Precio":"$166979.40","Color":"Puce","Modelo":1980},
{"Id":230,"Marca":"BMW","Precio":"¥36803.74","Color":"Indigo","Modelo":1971},
{"Id":231,"Marca":"Chevrolet","Precio":"$139136.02","Color":"Goldenrod","Modelo":2005},
{"Id":232,"Marca":"Lotus","Precio":"€135430,15","Color":"Red","Modelo":1956},
{"Id":233,"Marca":"Ferrari","Precio":"£388213.44","Color":"Yellow","Modelo":1968},
{"Id":234,"Marca":"Ford","Precio":"£150560.61","Color":"Red","Modelo":1991},
{"Id":235,"Marca":"BMW","Precio":"€166532,45","Color":"Pink","Modelo":2010},
{"Id":236,"Marca":"Renault","Precio":"¥325373.29","Color":"Maroon","Modelo":1977},
{"Id":237,"Marca":"Lotus","Precio":"¥82770.17","Color":"Purple","Modelo":1939},
{"Id":238,"Marca":"Mercedes Benz","Precio":"¥198970.64","Color":"Teal","Modelo":1975},
{"Id":239,"Marca":"Renault","Precio":"$208739.64","Color":"Green","Modelo":1966},
{"Id":240,"Marca":"BMW","Precio":"£128422.86","Color":"Indigo","Modelo":1952},
{"Id":241,"Marca":"Ferrari","Precio":"£66198.48","Color":"Red","Modelo":1997},
{"Id":242,"Marca":"Porche","Precio":"£88189.27","Color":"Maroon","Modelo":1941},
{"Id":243,"Marca":"Porche","Precio":"$452078.67","Color":"Indigo","Modelo":1959},
{"Id":244,"Marca":"Ferrari","Precio":"$364147.07","Color":"Turquoise","Modelo":2006},
{"Id":245,"Marca":"Ford","Precio":"¥131903.24","Color":"Crimson","Modelo":1983},
{"Id":246,"Marca":"Mercedes Benz","Precio":"¥224297.35","Color":"Violet","Modelo":1940},
{"Id":247,"Marca":"Ford","Precio":"$282933.97","Color":"Orange","Modelo":1969},
{"Id":248,"Marca":"Ferrari","Precio":"$445602.02","Color":"Mauv","Modelo":2007},
{"Id":249,"Marca":"Fiat","Precio":"¥94492.92","Color":"Teal","Modelo":1986},
{"Id":250,"Marca":"Ferrari","Precio":"£462898.48","Color":"Red","Modelo":1987},
{"Id":251,"Marca":"Fiat","Precio":"€261117,67","Color":"Khaki","Modelo":1951},
{"Id":252,"Marca":"Renault","Precio":"£405822.92","Color":"Maroon","Modelo":2013},
{"Id":253,"Marca":"Porche","Precio":"£96152.90","Color":"Mauv","Modelo":1947},
{"Id":254,"Marca":"Ford","Precio":"€43193,43","Color":"Maroon","Modelo":1997},
{"Id":255,"Marca":"Mercedes Benz","Precio":"€99329,89","Color":"Mauv","Modelo":2009},
{"Id":256,"Marca":"Ford","Precio":"$70789.68","Color":"Maroon","Modelo":1991},
{"Id":257,"Marca":"Porche","Precio":"€283263,56","Color":"Mauv","Modelo":2015},
{"Id":258,"Marca":"Chevrolet","Precio":"$114499.30","Color":"Aquamarine","Modelo":1970},
{"Id":259,"Marca":"Chevrolet","Precio":"¥147514.75","Color":"Khaki","Modelo":1978},
{"Id":260,"Marca":"Mercedes Benz","Precio":"$395835.22","Color":"Mauv","Modelo":1958},
{"Id":261,"Marca":"Chevrolet","Precio":"€445569,15","Color":"Mauv","Modelo":1968},
{"Id":262,"Marca":"Mercedes Benz","Precio":"$401872.54","Color":"Yellow","Modelo":1957},
{"Id":263,"Marca":"Porche","Precio":"¥60861.86","Color":"Crimson","Modelo":1937},
{"Id":264,"Marca":"Renault","Precio":"¥321575.00","Color":"Green","Modelo":1955},
{"Id":265,"Marca":"Porche","Precio":"¥267317.07","Color":"Mauv","Modelo":1973},
{"Id":266,"Marca":"Fiat","Precio":"$226336.53","Color":"Red","Modelo":2014},
{"Id":267,"Marca":"Ferrari","Precio":"£222223.18","Color":"Purple","Modelo":1971},
{"Id":268,"Marca":"Ferrari","Precio":"£86920.17","Color":"Fuscia","Modelo":1939},
{"Id":269,"Marca":"Mercedes Benz","Precio":"$355757.34","Color":"Indigo","Modelo":1983},
{"Id":270,"Marca":"Ford","Precio":"£372154.51","Color":"Aquamarine","Modelo":1995},
{"Id":271,"Marca":"Ford","Precio":"¥473814.82","Color":"Aquamarine","Modelo":1987},
{"Id":272,"Marca":"Porche","Precio":"$61617.49","Color":"Crimson","Modelo":1996},
{"Id":273,"Marca":"Mercedes Benz","Precio":"¥415381.74","Color":"Green","Modelo":1997},
{"Id":274,"Marca":"Ford","Precio":"¥325671.05","Color":"Pink","Modelo":2012},
{"Id":275,"Marca":"Ford","Precio":"¥238601.91","Color":"Orange","Modelo":1954},
{"Id":276,"Marca":"Porche","Precio":"€141835,08","Color":"Indigo","Modelo":1980},
{"Id":277,"Marca":"Fiat","Precio":"$394504.19","Color":"Blue","Modelo":1989},
{"Id":278,"Marca":"Mercedes Benz","Precio":"£340462.00","Color":"Turquoise","Modelo":1997},
{"Id":279,"Marca":"Mercedes Benz","Precio":"¥77101.86","Color":"Pink","Modelo":1937},
{"Id":280,"Marca":"Ferrari","Precio":"€181561,38","Color":"Yellow","Modelo":1952},
{"Id":281,"Marca":"Mercedes Benz","Precio":"¥433737.90","Color":"Indigo","Modelo":1958},
{"Id":282,"Marca":"Renault","Precio":"¥154443.05","Color":"Pink","Modelo":1954},
{"Id":283,"Marca":"Ford","Precio":"£135064.89","Color":"Blue","Modelo":1990},
{"Id":284,"Marca":"Ford","Precio":"€186927,72","Color":"Khaki","Modelo":1963},
{"Id":285,"Marca":"Mercedes Benz","Precio":"¥182668.32","Color":"Yellow","Modelo":1941},
{"Id":286,"Marca":"Mercedes Benz","Precio":"€276983,20","Color":"Violet","Modelo":2004},
{"Id":287,"Marca":"Chevrolet","Precio":"$452388.58","Color":"Yellow","Modelo":1978},
{"Id":288,"Marca":"Lotus","Precio":"$64766.79","Color":"Puce","Modelo":1991},
{"Id":289,"Marca":"Ford","Precio":"€333496,97","Color":"Orange","Modelo":1986},
{"Id":290,"Marca":"Lotus","Precio":"$260005.90","Color":"Mauv","Modelo":1965},
{"Id":291,"Marca":"Fiat","Precio":"£37098.45","Color":"Goldenrod","Modelo":1948},
{"Id":292,"Marca":"Fiat","Precio":"$183678.57","Color":"Violet","Modelo":1954},
{"Id":293,"Marca":"Ford","Precio":"$152932.71","Color":"Puce","Modelo":2013},
{"Id":294,"Marca":"Renault","Precio":"$231376.00","Color":"Turquoise","Modelo":1939},
{"Id":295,"Marca":"Ferrari","Precio":"$49261.77","Color":"Blue","Modelo":1996},
{"Id":296,"Marca":"Ford","Precio":"¥353946.73","Color":"Red","Modelo":1990},
{"Id":297,"Marca":"Ford","Precio":"£366603.47","Color":"Fuscia","Modelo":1937},
{"Id":298,"Marca":"Ferrari","Precio":"$137314.15","Color":"Purple","Modelo":1965},
{"Id":299,"Marca":"Lotus","Precio":"¥382869.52","Color":"Puce","Modelo":1972},
{"Id":300,"Marca":"BMW","Precio":"¥179444.35","Color":"Goldenrod","Modelo":2001},
{"Id":301,"Marca":"Chevrolet","Precio":"$260389.91","Color":"Puce","Modelo":1978},
{"Id":302,"Marca":"Porche","Precio":"$490426.04","Color":"Khaki","Modelo":1997},
{"Id":303,"Marca":"Mercedes Benz","Precio":"€370171,48","Color":"Aquamarine","Modelo":2007},
{"Id":304,"Marca":"Ford","Precio":"€422522,85","Color":"Green","Modelo":2009},
{"Id":305,"Marca":"Ferrari","Precio":"£227082.66","Color":"Purple","Modelo":2000},
{"Id":306,"Marca":"Mercedes Benz","Precio":"£166120.91","Color":"Fuscia","Modelo":1990},
{"Id":307,"Marca":"Ferrari","Precio":"£57136.27","Color":"Blue","Modelo":1965},
{"Id":308,"Marca":"Lotus","Precio":"€311565,04","Color":"Turquoise","Modelo":2010},
{"Id":309,"Marca":"Renault","Precio":"£337134.89","Color":"Fuscia","Modelo":2003},
{"Id":310,"Marca":"Mercedes Benz","Precio":"£179227.83","Color":"Maroon","Modelo":1994},
{"Id":311,"Marca":"Mercedes Benz","Precio":"£288304.83","Color":"Goldenrod","Modelo":1945},
{"Id":312,"Marca":"Fiat","Precio":"€266387,03","Color":"Green","Modelo":1987},
{"Id":313,"Marca":"Renault","Precio":"£36301.66","Color":"Indigo","Modelo":1972},
{"Id":314,"Marca":"Ferrari","Precio":"£499979.39","Color":"Pink","Modelo":1937},
{"Id":315,"Marca":"Fiat","Precio":"€212791,18","Color":"Indigo","Modelo":2009},
{"Id":316,"Marca":"Ferrari","Precio":"£360237.37","Color":"Purple","Modelo":1970},
{"Id":317,"Marca":"Mercedes Benz","Precio":"$143580.35","Color":"Maroon","Modelo":1995},
{"Id":318,"Marca":"Fiat","Precio":"$203159.07","Color":"Goldenrod","Modelo":1966},
{"Id":319,"Marca":"Ferrari","Precio":"$374618.08","Color":"Violet","Modelo":1936},
{"Id":320,"Marca":"Fiat","Precio":"€343704,25","Color":"Orange","Modelo":1964},
{"Id":321,"Marca":"Porche","Precio":"¥396685.49","Color":"Fuscia","Modelo":1987},
{"Id":322,"Marca":"Fiat","Precio":"¥442108.85","Color":"Green","Modelo":1947},
{"Id":323,"Marca":"Fiat","Precio":"$294256.53","Color":"Violet","Modelo":1952},
{"Id":324,"Marca":"Renault","Precio":"$458024.47","Color":"Goldenrod","Modelo":1949},
{"Id":325,"Marca":"Renault","Precio":"€384128,41","Color":"Puce","Modelo":1971},
{"Id":326,"Marca":"Porche","Precio":"£378067.14","Color":"Pink","Modelo":1998},
{"Id":327,"Marca":"Porche","Precio":"¥306266.86","Color":"Goldenrod","Modelo":1963},
{"Id":328,"Marca":"Fiat","Precio":"$331909.28","Color":"Maroon","Modelo":1967},
{"Id":329,"Marca":"Lotus","Precio":"¥66172.55","Color":"Mauv","Modelo":1955},
{"Id":330,"Marca":"Chevrolet","Precio":"€422050,52","Color":"Crimson","Modelo":1936},
{"Id":331,"Marca":"BMW","Precio":"£52700.17","Color":"Fuscia","Modelo":2006},
{"Id":332,"Marca":"Fiat","Precio":"£250399.42","Color":"Indigo","Modelo":1952},
{"Id":333,"Marca":"Ford","Precio":"€465148,41","Color":"Khaki","Modelo":1974},
{"Id":334,"Marca":"Renault","Precio":"£146304.53","Color":"Turquoise","Modelo":2013},
{"Id":335,"Marca":"Ford","Precio":"$211484.79","Color":"Fuscia","Modelo":1984},
{"Id":336,"Marca":"Fiat","Precio":"£291252.63","Color":"Indigo","Modelo":1946},
{"Id":337,"Marca":"Volvo","Precio":"$50984.10","Color":"Crimson","Modelo":2016},
{"Id":338,"Marca":"Fiat","Precio":"£390421.81","Color":"Turquoise","Modelo":1949},
{"Id":339,"Marca":"Lotus","Precio":"$41972.92","Color":"Fuscia","Modelo":1985},
{"Id":340,"Marca":"Volvo","Precio":"€311705,54","Color":"Violet","Modelo":1962},
{"Id":341,"Marca":"Chevrolet","Precio":"¥147796.33","Color":"Mauv","Modelo":1985},
{"Id":342,"Marca":"Renault","Precio":"$43691.91","Color":"Green","Modelo":1963},
{"Id":343,"Marca":"BMW","Precio":"£462364.30","Color":"Teal","Modelo":2000},
{"Id":344,"Marca":"Ferrari","Precio":"€161426,62","Color":"Crimson","Modelo":1988},
{"Id":345,"Marca":"Chevrolet","Precio":"£122652.70","Color":"Mauv","Modelo":1997},
{"Id":346,"Marca":"Ferrari","Precio":"$307062.16","Color":"Purple","Modelo":1951},
{"Id":347,"Marca":"Ferrari","Precio":"$59657.20","Color":"Crimson","Modelo":2010},
{"Id":348,"Marca":"Porche","Precio":"$110596.71","Color":"Violet","Modelo":1942},
{"Id":349,"Marca":"Volvo","Precio":"€63537,48","Color":"Green","Modelo":1967},
{"Id":350,"Marca":"Porche","Precio":"¥286892.09","Color":"Maroon","Modelo":2001},
{"Id":351,"Marca":"Chevrolet","Precio":"¥461881.95","Color":"Teal","Modelo":1981},
{"Id":352,"Marca":"Mercedes Benz","Precio":"€479150,03","Color":"Purple","Modelo":1951},
{"Id":353,"Marca":"Chevrolet","Precio":"€369779,59","Color":"Aquamarine","Modelo":1988},
{"Id":354,"Marca":"Porche","Precio":"£372663.48","Color":"Khaki","Modelo":2010},
{"Id":355,"Marca":"Chevrolet","Precio":"$476129.98","Color":"Violet","Modelo":1973},
{"Id":356,"Marca":"Porche","Precio":"¥408642.77","Color":"Crimson","Modelo":2013},
{"Id":357,"Marca":"Ford","Precio":"$79799.70","Color":"Khaki","Modelo":1956},
{"Id":358,"Marca":"Renault","Precio":"$75195.55","Color":"Turquoise","Modelo":2004},
{"Id":359,"Marca":"Fiat","Precio":"$193578.38","Color":"Pink","Modelo":1971},
{"Id":360,"Marca":"Lotus","Precio":"€352021,80","Color":"Teal","Modelo":2000},
{"Id":361,"Marca":"Mercedes Benz","Precio":"£228899.21","Color":"Orange","Modelo":1949},
{"Id":362,"Marca":"Fiat","Precio":"€260814,77","Color":"Yellow","Modelo":2011},
{"Id":363,"Marca":"Porche","Precio":"€225590,18","Color":"Maroon","Modelo":1977},
{"Id":364,"Marca":"Ford","Precio":"¥482382.36","Color":"Fuscia","Modelo":1943},
{"Id":365,"Marca":"Mercedes Benz","Precio":"€327344,05","Color":"Indigo","Modelo":1953},
{"Id":366,"Marca":"BMW","Precio":"$337015.23","Color":"Violet","Modelo":2012},
{"Id":367,"Marca":"Volvo","Precio":"¥106683.94","Color":"Purple","Modelo":1980},
{"Id":368,"Marca":"Fiat","Precio":"$336062.43","Color":"Pink","Modelo":2003},
{"Id":369,"Marca":"BMW","Precio":"$104359.72","Color":"Khaki","Modelo":1950},
{"Id":370,"Marca":"Ferrari","Precio":"£373283.74","Color":"Violet","Modelo":2011},
{"Id":371,"Marca":"Porche","Precio":"£460132.08","Color":"Turquoise","Modelo":1948},
{"Id":372,"Marca":"Lotus","Precio":"€366615,01","Color":"Aquamarine","Modelo":1982},
{"Id":373,"Marca":"BMW","Precio":"¥280030.72","Color":"Indigo","Modelo":1953},
{"Id":374,"Marca":"Mercedes Benz","Precio":"€204830,78","Color":"Violet","Modelo":1940},
{"Id":375,"Marca":"Ford","Precio":"¥246859.82","Color":"Green","Modelo":1999},
{"Id":376,"Marca":"Lotus","Precio":"$39108.81","Color":"Indigo","Modelo":1996},
{"Id":377,"Marca":"Ford","Precio":"£102396.25","Color":"Crimson","Modelo":1951},
{"Id":378,"Marca":"Fiat","Precio":"£72487.03","Color":"Turquoise","Modelo":1947},
{"Id":379,"Marca":"Renault","Precio":"¥434939.90","Color":"Aquamarine","Modelo":1962},
{"Id":380,"Marca":"Fiat","Precio":"¥405596.13","Color":"Green","Modelo":1948},
{"Id":381,"Marca":"Ferrari","Precio":"£57637.75","Color":"Mauv","Modelo":1956},
{"Id":382,"Marca":"Porche","Precio":"£25043.54","Color":"Puce","Modelo":2012},
{"Id":383,"Marca":"Ford","Precio":"£113709.81","Color":"Violet","Modelo":1996},
{"Id":384,"Marca":"Renault","Precio":"$347001.02","Color":"Goldenrod","Modelo":2014},
{"Id":385,"Marca":"BMW","Precio":"€370688,43","Color":"Mauv","Modelo":1974},
{"Id":386,"Marca":"Mercedes Benz","Precio":"$439834.89","Color":"Puce","Modelo":1967},
{"Id":387,"Marca":"Mercedes Benz","Precio":"¥235316.15","Color":"Mauv","Modelo":1966},
{"Id":388,"Marca":"Volvo","Precio":"¥329529.60","Color":"Fuscia","Modelo":1968},
{"Id":389,"Marca":"Mercedes Benz","Precio":"£162520.83","Color":"Red","Modelo":1998},
{"Id":390,"Marca":"Ferrari","Precio":"£457670.51","Color":"Green","Modelo":1999},
{"Id":391,"Marca":"Chevrolet","Precio":"¥465439.37","Color":"Violet","Modelo":1948},
{"Id":392,"Marca":"Ford","Precio":"€212705,46","Color":"Aquamarine","Modelo":1998},
{"Id":393,"Marca":"Mercedes Benz","Precio":"$350504.91","Color":"Blue","Modelo":1960},
{"Id":394,"Marca":"BMW","Precio":"£368566.72","Color":"Maroon","Modelo":1972},
{"Id":395,"Marca":"Mercedes Benz","Precio":"$409389.15","Color":"Indigo","Modelo":1952},
{"Id":396,"Marca":"Fiat","Precio":"¥471731.30","Color":"Red","Modelo":1940},
{"Id":397,"Marca":"BMW","Precio":"¥100376.13","Color":"Aquamarine","Modelo":1951},
{"Id":398,"Marca":"BMW","Precio":"$461229.70","Color":"Maroon","Modelo":1942},
{"Id":399,"Marca":"Lotus","Precio":"$112096.35","Color":"Turquoise","Modelo":1992},
{"Id":400,"Marca":"Lotus","Precio":"£40491.60","Color":"Violet","Modelo":1946},
{"Id":401,"Marca":"Porche","Precio":"£423416.78","Color":"Violet","Modelo":1973},
{"Id":402,"Marca":"Volvo","Precio":"€387553,85","Color":"Violet","Modelo":1958},
{"Id":403,"Marca":"BMW","Precio":"£480108.39","Color":"Pink","Modelo":1951},
{"Id":404,"Marca":"Chevrolet","Precio":"$150768.49","Color":"Violet","Modelo":2003},
{"Id":405,"Marca":"Porche","Precio":"€382331,67","Color":"Puce","Modelo":1992},
{"Id":406,"Marca":"Ferrari","Precio":"¥385930.30","Color":"Khaki","Modelo":2012},
{"Id":407,"Marca":"Renault","Precio":"€308850,45","Color":"Crimson","Modelo":1944},
{"Id":408,"Marca":"Fiat","Precio":"€99104,16","Color":"Fuscia","Modelo":2013},
{"Id":409,"Marca":"Fiat","Precio":"£405605.78","Color":"Goldenrod","Modelo":1952},
{"Id":410,"Marca":"Renault","Precio":"€445810,95","Color":"Yellow","Modelo":1973},
{"Id":411,"Marca":"Fiat","Precio":"¥238272.12","Color":"Khaki","Modelo":1975},
{"Id":412,"Marca":"Fiat","Precio":"$270097.49","Color":"Yellow","Modelo":1945},
{"Id":413,"Marca":"Mercedes Benz","Precio":"$235239.13","Color":"Blue","Modelo":1947},
{"Id":414,"Marca":"Ford","Precio":"£275953.40","Color":"Green","Modelo":2014},
{"Id":415,"Marca":"Chevrolet","Precio":"¥166702.25","Color":"Turquoise","Modelo":2003},
{"Id":416,"Marca":"Ferrari","Precio":"¥329881.07","Color":"Puce","Modelo":1989},
{"Id":417,"Marca":"Ferrari","Precio":"¥162672.55","Color":"Crimson","Modelo":1961},
{"Id":418,"Marca":"Ferrari","Precio":"$51788.56","Color":"Goldenrod","Modelo":1995},
{"Id":419,"Marca":"Renault","Precio":"€466842,77","Color":"Red","Modelo":1954},
{"Id":420,"Marca":"Lotus","Precio":"£269330.44","Color":"Red","Modelo":1942},
{"Id":421,"Marca":"Chevrolet","Precio":"¥182568.46","Color":"Crimson","Modelo":1952},
{"Id":422,"Marca":"Porche","Precio":"€249829,35","Color":"Violet","Modelo":1984},
{"Id":423,"Marca":"Fiat","Precio":"¥54461.30","Color":"Maroon","Modelo":1963},
{"Id":424,"Marca":"Porche","Precio":"¥29602.88","Color":"Pink","Modelo":1956},
{"Id":425,"Marca":"Mercedes Benz","Precio":"£136557.36","Color":"Indigo","Modelo":1959},
{"Id":426,"Marca":"Ferrari","Precio":"£168338.23","Color":"Blue","Modelo":1979},
{"Id":427,"Marca":"Volvo","Precio":"£114071.33","Color":"Fuscia","Modelo":1994},
{"Id":428,"Marca":"Ferrari","Precio":"£150223.33","Color":"Aquamarine","Modelo":1950},
{"Id":429,"Marca":"Ford","Precio":"$433934.21","Color":"Mauv","Modelo":1975},
{"Id":430,"Marca":"Ferrari","Precio":"$275759.87","Color":"Pink","Modelo":1941},
{"Id":431,"Marca":"Volvo","Precio":"$423037.36","Color":"Orange","Modelo":2003},
{"Id":432,"Marca":"Ford","Precio":"£330734.77","Color":"Goldenrod","Modelo":1939},
{"Id":433,"Marca":"Fiat","Precio":"$43308.39","Color":"Crimson","Modelo":1939},
{"Id":434,"Marca":"Fiat","Precio":"¥364408.67","Color":"Goldenrod","Modelo":1965},
{"Id":435,"Marca":"Fiat","Precio":"¥111609.02","Color":"Puce","Modelo":1940},
{"Id":436,"Marca":"Renault","Precio":"$344583.17","Color":"Puce","Modelo":1982},
{"Id":437,"Marca":"BMW","Precio":"€452548,35","Color":"Violet","Modelo":1955},
{"Id":438,"Marca":"Porche","Precio":"¥60669.45","Color":"Khaki","Modelo":2015},
{"Id":439,"Marca":"Volvo","Precio":"¥318525.69","Color":"Violet","Modelo":1942},
{"Id":440,"Marca":"Volvo","Precio":"€212494,81","Color":"Goldenrod","Modelo":1959},
{"Id":441,"Marca":"Ferrari","Precio":"£43189.43","Color":"Green","Modelo":1948},
{"Id":442,"Marca":"BMW","Precio":"£351247.71","Color":"Crimson","Modelo":1967},
{"Id":443,"Marca":"Fiat","Precio":"¥195670.58","Color":"Turquoise","Modelo":2000},
{"Id":444,"Marca":"Renault","Precio":"¥278151.38","Color":"Violet","Modelo":1987},
{"Id":445,"Marca":"BMW","Precio":"€459150,43","Color":"Teal","Modelo":1973},
{"Id":446,"Marca":"Ford","Precio":"€81986,51","Color":"Green","Modelo":2002},
{"Id":447,"Marca":"Volvo","Precio":"¥321718.48","Color":"Purple","Modelo":2007},
{"Id":448,"Marca":"BMW","Precio":"¥309797.29","Color":"Fuscia","Modelo":1937},
{"Id":449,"Marca":"Porche","Precio":"€112025,33","Color":"Green","Modelo":1949},
{"Id":450,"Marca":"Chevrolet","Precio":"$144820.37","Color":"Pink","Modelo":1963},
{"Id":451,"Marca":"Porche","Precio":"£499787.50","Color":"Indigo","Modelo":1954},
{"Id":452,"Marca":"Volvo","Precio":"€247308,31","Color":"Orange","Modelo":1998},
{"Id":453,"Marca":"Chevrolet","Precio":"$402341.20","Color":"Khaki","Modelo":2009},
{"Id":454,"Marca":"Porche","Precio":"£444923.31","Color":"Pink","Modelo":1982},
{"Id":455,"Marca":"Mercedes Benz","Precio":"£236517.54","Color":"Puce","Modelo":1970},
{"Id":456,"Marca":"Renault","Precio":"€218102,02","Color":"Aquamarine","Modelo":1945},
{"Id":457,"Marca":"Lotus","Precio":"€401555,80","Color":"Indigo","Modelo":1995},
{"Id":458,"Marca":"Mercedes Benz","Precio":"£210110.64","Color":"Yellow","Modelo":2015},
{"Id":459,"Marca":"BMW","Precio":"¥463165.83","Color":"Turquoise","Modelo":1951},
{"Id":460,"Marca":"Fiat","Precio":"€259599,75","Color":"Pink","Modelo":1989},
{"Id":461,"Marca":"Ford","Precio":"¥380030.53","Color":"Maroon","Modelo":1994},
{"Id":462,"Marca":"Mercedes Benz","Precio":"¥69657.85","Color":"Pink","Modelo":1943},
{"Id":463,"Marca":"Fiat","Precio":"¥96437.78","Color":"Teal","Modelo":1998},
{"Id":464,"Marca":"Ford","Precio":"$99785.34","Color":"Indigo","Modelo":1966},
{"Id":465,"Marca":"Ferrari","Precio":"€269659,61","Color":"Mauv","Modelo":1993},
{"Id":466,"Marca":"Chevrolet","Precio":"$197078.60","Color":"Blue","Modelo":2007},
{"Id":467,"Marca":"BMW","Precio":"$327660.98","Color":"Teal","Modelo":2013},
{"Id":468,"Marca":"Lotus","Precio":"€354257,25","Color":"Aquamarine","Modelo":1954},
{"Id":469,"Marca":"Ford","Precio":"¥207322.67","Color":"Khaki","Modelo":1979},
{"Id":470,"Marca":"BMW","Precio":"£238266.29","Color":"Yellow","Modelo":2010},
{"Id":471,"Marca":"Mercedes Benz","Precio":"¥183414.53","Color":"Orange","Modelo":1986},
{"Id":472,"Marca":"Renault","Precio":"£334136.64","Color":"Red","Modelo":1938},
{"Id":473,"Marca":"BMW","Precio":"¥230164.28","Color":"Turquoise","Modelo":2006},
{"Id":474,"Marca":"BMW","Precio":"£317569.47","Color":"Violet","Modelo":1993},
{"Id":475,"Marca":"Ferrari","Precio":"¥254105.20","Color":"Khaki","Modelo":1945},
{"Id":476,"Marca":"Volvo","Precio":"€192178,88","Color":"Maroon","Modelo":2001},
{"Id":477,"Marca":"Ferrari","Precio":"¥220821.73","Color":"Pink","Modelo":1978},
{"Id":478,"Marca":"Chevrolet","Precio":"$386797.35","Color":"Orange","Modelo":1989},
{"Id":479,"Marca":"Fiat","Precio":"£369961.68","Color":"Orange","Modelo":1977},
{"Id":480,"Marca":"Porche","Precio":"$47299.40","Color":"Purple","Modelo":1943},
{"Id":481,"Marca":"Mercedes Benz","Precio":"€377372,07","Color":"Indigo","Modelo":1958},
{"Id":482,"Marca":"Volvo","Precio":"¥136172.78","Color":"Teal","Modelo":1975},
{"Id":483,"Marca":"Ferrari","Precio":"$416362.39","Color":"Red","Modelo":1949},
{"Id":484,"Marca":"BMW","Precio":"$109141.64","Color":"Orange","Modelo":1951},
{"Id":485,"Marca":"BMW","Precio":"€171592,67","Color":"Green","Modelo":2010},
{"Id":486,"Marca":"BMW","Precio":"¥83987.32","Color":"Pink","Modelo":1985},
{"Id":487,"Marca":"Ferrari","Precio":"£429619.35","Color":"Pink","Modelo":1984},
{"Id":488,"Marca":"Porche","Precio":"£438822.36","Color":"Crimson","Modelo":1994},
{"Id":489,"Marca":"Ferrari","Precio":"$146725.95","Color":"Fuscia","Modelo":1951},
{"Id":490,"Marca":"Lotus","Precio":"$289493.24","Color":"Fuscia","Modelo":1937},
{"Id":491,"Marca":"BMW","Precio":"$491386.57","Color":"Blue","Modelo":1969},
{"Id":492,"Marca":"BMW","Precio":"$82921.05","Color":"Aquamarine","Modelo":1956},
{"Id":493,"Marca":"Chevrolet","Precio":"€144990,50","Color":"Turquoise","Modelo":1971},
{"Id":494,"Marca":"Volvo","Precio":"¥422444.48","Color":"Aquamarine","Modelo":1980},
{"Id":495,"Marca":"Chevrolet","Precio":"€32076,46","Color":"Fuscia","Modelo":1937},
{"Id":496,"Marca":"Lotus","Precio":"¥396622.10","Color":"Yellow","Modelo":2015},
{"Id":497,"Marca":"Porche","Precio":"€221669,27","Color":"Maroon","Modelo":2003},
{"Id":498,"Marca":"Renault","Precio":"£76968.99","Color":"Crimson","Modelo":1955},
{"Id":499,"Marca":"Porche","Precio":"€490637,39","Color":"Purple","Modelo":2016},
{"Id":500,"Marca":"Renault","Precio":"$172047.48","Color":"Crimson","Modelo":2006},
{"Id":501,"Marca":"Chevrolet","Precio":"$370524.88","Color":"Yellow","Modelo":2011},
{"Id":502,"Marca":"Chevrolet","Precio":"$131159.15","Color":"Crimson","Modelo":1980},
{"Id":503,"Marca":"Porche","Precio":"£319922.08","Color":"Pink","Modelo":1959},
{"Id":504,"Marca":"Porche","Precio":"$461755.49","Color":"Fuscia","Modelo":1959},
{"Id":505,"Marca":"Lotus","Precio":"¥456628.05","Color":"Mauv","Modelo":1976},
{"Id":506,"Marca":"Ford","Precio":"¥348424.36","Color":"Goldenrod","Modelo":1951},
{"Id":507,"Marca":"Chevrolet","Precio":"$433824.63","Color":"Blue","Modelo":2002},
{"Id":508,"Marca":"Ford","Precio":"£464154.84","Color":"Turquoise","Modelo":2005},
{"Id":509,"Marca":"BMW","Precio":"£373385.58","Color":"Mauv","Modelo":1973},
{"Id":510,"Marca":"Chevrolet","Precio":"$151280.24","Color":"Violet","Modelo":2001},
{"Id":511,"Marca":"Renault","Precio":"€355756,23","Color":"Violet","Modelo":1947},
{"Id":512,"Marca":"Volvo","Precio":"¥445162.91","Color":"Red","Modelo":2010},
{"Id":513,"Marca":"Porche","Precio":"$109408.68","Color":"Purple","Modelo":1992},
{"Id":514,"Marca":"Porche","Precio":"$497883.49","Color":"Khaki","Modelo":2011},
{"Id":515,"Marca":"Lotus","Precio":"¥137151.81","Color":"Red","Modelo":1950},
{"Id":516,"Marca":"Porche","Precio":"£285569.36","Color":"Violet","Modelo":1983},
{"Id":517,"Marca":"Lotus","Precio":"$451005.72","Color":"Yellow","Modelo":1995},
{"Id":518,"Marca":"Chevrolet","Precio":"¥423985.53","Color":"Maroon","Modelo":1995},
{"Id":519,"Marca":"Lotus","Precio":"€270310,79","Color":"Blue","Modelo":1997},
{"Id":520,"Marca":"Mercedes Benz","Precio":"€165405,62","Color":"Puce","Modelo":1957},
{"Id":521,"Marca":"Renault","Precio":"€310045,31","Color":"Blue","Modelo":2012},
{"Id":522,"Marca":"Lotus","Precio":"£168046.43","Color":"Puce","Modelo":2002},
{"Id":523,"Marca":"Chevrolet","Precio":"£368779.42","Color":"Pink","Modelo":1960},
{"Id":524,"Marca":"Mercedes Benz","Precio":"$317366.85","Color":"Aquamarine","Modelo":2001},
{"Id":525,"Marca":"Renault","Precio":"¥172728.17","Color":"Purple","Modelo":2004},
{"Id":526,"Marca":"Mercedes Benz","Precio":"¥52688.11","Color":"Maroon","Modelo":1964},
{"Id":527,"Marca":"Ferrari","Precio":"€468880,97","Color":"Green","Modelo":2011},
{"Id":528,"Marca":"Volvo","Precio":"€408611,95","Color":"Khaki","Modelo":1983},
{"Id":529,"Marca":"Volvo","Precio":"$35939.83","Color":"Green","Modelo":1959},
{"Id":530,"Marca":"Fiat","Precio":"€482413,46","Color":"Red","Modelo":1985},
{"Id":531,"Marca":"Porche","Precio":"€239719,02","Color":"Orange","Modelo":1942},
{"Id":532,"Marca":"BMW","Precio":"£203313.45","Color":"Pink","Modelo":2011},
{"Id":533,"Marca":"Ford","Precio":"£373346.67","Color":"Goldenrod","Modelo":1958},
{"Id":534,"Marca":"BMW","Precio":"€31699,95","Color":"Purple","Modelo":1976},
{"Id":535,"Marca":"Mercedes Benz","Precio":"£54348.74","Color":"Pink","Modelo":2011},
{"Id":536,"Marca":"Renault","Precio":"€491616,51","Color":"Orange","Modelo":1986},
{"Id":537,"Marca":"Ferrari","Precio":"£64555.25","Color":"Khaki","Modelo":1972},
{"Id":538,"Marca":"Volvo","Precio":"¥101228.11","Color":"Crimson","Modelo":2016},
{"Id":539,"Marca":"Volvo","Precio":"£78207.60","Color":"Violet","Modelo":1996},
{"Id":540,"Marca":"Volvo","Precio":"£145478.77","Color":"Teal","Modelo":1980},
{"Id":541,"Marca":"Lotus","Precio":"€339775,54","Color":"Puce","Modelo":2002},
{"Id":542,"Marca":"Ferrari","Precio":"€211186,88","Color":"Fuscia","Modelo":2012},
{"Id":543,"Marca":"Chevrolet","Precio":"$111824.41","Color":"Purple","Modelo":1988},
{"Id":544,"Marca":"Lotus","Precio":"€117714,75","Color":"Goldenrod","Modelo":1978},
{"Id":545,"Marca":"Ford","Precio":"¥356065.06","Color":"Crimson","Modelo":1985},
{"Id":546,"Marca":"Mercedes Benz","Precio":"£63339.54","Color":"Yellow","Modelo":1949},
{"Id":547,"Marca":"Fiat","Precio":"£130443.35","Color":"Red","Modelo":2013},
{"Id":548,"Marca":"Mercedes Benz","Precio":"$143388.63","Color":"Blue","Modelo":1985},
{"Id":549,"Marca":"Porche","Precio":"£221948.79","Color":"Blue","Modelo":2013},
{"Id":550,"Marca":"Renault","Precio":"£41898.31","Color":"Teal","Modelo":1998},
{"Id":551,"Marca":"Porche","Precio":"€282564,58","Color":"Yellow","Modelo":1954},
{"Id":552,"Marca":"Renault","Precio":"$348095.08","Color":"Teal","Modelo":2002},
{"Id":553,"Marca":"Chevrolet","Precio":"¥433388.75","Color":"Fuscia","Modelo":1965},
{"Id":554,"Marca":"Fiat","Precio":"$34107.23","Color":"Fuscia","Modelo":1936},
{"Id":555,"Marca":"Lotus","Precio":"€372769,71","Color":"Khaki","Modelo":1981},
{"Id":556,"Marca":"Volvo","Precio":"£156160.28","Color":"Purple","Modelo":1989},
{"Id":557,"Marca":"BMW","Precio":"$163448.90","Color":"Maroon","Modelo":2002},
{"Id":558,"Marca":"Porche","Precio":"¥56253.13","Color":"Crimson","Modelo":1957},
{"Id":559,"Marca":"Renault","Precio":"¥336464.99","Color":"Violet","Modelo":1947},
{"Id":560,"Marca":"Volvo","Precio":"£312489.17","Color":"Mauv","Modelo":1962},
{"Id":561,"Marca":"Chevrolet","Precio":"€141221,37","Color":"Green","Modelo":1989},
{"Id":562,"Marca":"Renault","Precio":"€455937,80","Color":"Aquamarine","Modelo":1967},
{"Id":563,"Marca":"Volvo","Precio":"£370029.10","Color":"Mauv","Modelo":1983},
{"Id":564,"Marca":"Porche","Precio":"¥358912.53","Color":"Yellow","Modelo":1938},
{"Id":565,"Marca":"Porche","Precio":"$455607.78","Color":"Purple","Modelo":1990},
{"Id":566,"Marca":"Fiat","Precio":"€148724,39","Color":"Red","Modelo":1989},
{"Id":567,"Marca":"Ferrari","Precio":"€463588,93","Color":"Green","Modelo":1965},
{"Id":568,"Marca":"Ford","Precio":"¥97178.55","Color":"Violet","Modelo":1951},
{"Id":569,"Marca":"Ferrari","Precio":"$286548.27","Color":"Indigo","Modelo":1953},
{"Id":570,"Marca":"Mercedes Benz","Precio":"€218939,18","Color":"Indigo","Modelo":1956},
{"Id":571,"Marca":"Ferrari","Precio":"¥114782.08","Color":"Puce","Modelo":2011},
{"Id":572,"Marca":"Renault","Precio":"€190510,77","Color":"Blue","Modelo":1943},
{"Id":573,"Marca":"BMW","Precio":"¥153537.39","Color":"Pink","Modelo":1936},
{"Id":574,"Marca":"Volvo","Precio":"$339977.77","Color":"Turquoise","Modelo":1988},
{"Id":575,"Marca":"Lotus","Precio":"$340316.74","Color":"Khaki","Modelo":2003},
{"Id":576,"Marca":"Ford","Precio":"$123000.83","Color":"Goldenrod","Modelo":1993},
{"Id":577,"Marca":"BMW","Precio":"£376699.13","Color":"Khaki","Modelo":2003},
{"Id":578,"Marca":"Chevrolet","Precio":"$296249.97","Color":"Purple","Modelo":1950},
{"Id":579,"Marca":"Ferrari","Precio":"$476351.57","Color":"Fuscia","Modelo":1973},
{"Id":580,"Marca":"Fiat","Precio":"¥238151.82","Color":"Pink","Modelo":1949},
{"Id":581,"Marca":"Chevrolet","Precio":"€145057,71","Color":"Red","Modelo":1987},
{"Id":582,"Marca":"BMW","Precio":"€106555,15","Color":"Fuscia","Modelo":1980},
{"Id":583,"Marca":"BMW","Precio":"€169604,76","Color":"Crimson","Modelo":1973},
{"Id":584,"Marca":"Porche","Precio":"$426629.21","Color":"Fuscia","Modelo":2014},
{"Id":585,"Marca":"Mercedes Benz","Precio":"€70103,21","Color":"Green","Modelo":1959},
{"Id":586,"Marca":"Chevrolet","Precio":"€182801,44","Color":"Puce","Modelo":1978},
{"Id":587,"Marca":"Mercedes Benz","Precio":"$313782.43","Color":"Purple","Modelo":1982},
{"Id":588,"Marca":"Ford","Precio":"€143539,74","Color":"Goldenrod","Modelo":1961},
{"Id":589,"Marca":"Ford","Precio":"$29499.66","Color":"Yellow","Modelo":1943},
{"Id":590,"Marca":"Mercedes Benz","Precio":"€498374,79","Color":"Indigo","Modelo":1988},
{"Id":591,"Marca":"Volvo","Precio":"€281334,06","Color":"Maroon","Modelo":2006},
{"Id":592,"Marca":"BMW","Precio":"£267065.31","Color":"Green","Modelo":1995},
{"Id":593,"Marca":"Mercedes Benz","Precio":"$383386.43","Color":"Maroon","Modelo":1991},
{"Id":594,"Marca":"Lotus","Precio":"$274524.76","Color":"Red","Modelo":1953},
{"Id":595,"Marca":"Ferrari","Precio":"¥483666.04","Color":"Puce","Modelo":1952},
{"Id":596,"Marca":"Volvo","Precio":"€134827,89","Color":"Blue","Modelo":2007},
{"Id":597,"Marca":"Volvo","Precio":"£186055.11","Color":"Teal","Modelo":2003},
{"Id":598,"Marca":"Renault","Precio":"¥197943.03","Color":"Maroon","Modelo":1994},
{"Id":599,"Marca":"Mercedes Benz","Precio":"¥154072.62","Color":"Indigo","Modelo":1969},
{"Id":600,"Marca":"Volvo","Precio":"¥297345.43","Color":"Yellow","Modelo":2004},
{"Id":601,"Marca":"Lotus","Precio":"$274963.00","Color":"Orange","Modelo":2012},
{"Id":602,"Marca":"Porche","Precio":"¥463425.55","Color":"Yellow","Modelo":1964},
{"Id":603,"Marca":"BMW","Precio":"$451949.43","Color":"Indigo","Modelo":1936},
{"Id":604,"Marca":"Chevrolet","Precio":"¥391004.92","Color":"Teal","Modelo":1972},
{"Id":605,"Marca":"Porche","Precio":"¥238093.94","Color":"Turquoise","Modelo":2005},
{"Id":606,"Marca":"Fiat","Precio":"¥46989.51","Color":"Teal","Modelo":2010},
{"Id":607,"Marca":"Porche","Precio":"£157507.64","Color":"Khaki","Modelo":1964},
{"Id":608,"Marca":"Chevrolet","Precio":"£352583.42","Color":"Blue","Modelo":1967},
{"Id":609,"Marca":"Ferrari","Precio":"$420901.21","Color":"Pink","Modelo":1984},
{"Id":610,"Marca":"Mercedes Benz","Precio":"¥209158.65","Color":"Khaki","Modelo":1966},
{"Id":611,"Marca":"Ferrari","Precio":"€85889,11","Color":"Mauv","Modelo":2001},
{"Id":612,"Marca":"Ford","Precio":"$455924.05","Color":"Puce","Modelo":1955},
{"Id":613,"Marca":"Volvo","Precio":"€225289,05","Color":"Fuscia","Modelo":2001},
{"Id":614,"Marca":"Renault","Precio":"€333404,59","Color":"Goldenrod","Modelo":1957},
{"Id":615,"Marca":"Mercedes Benz","Precio":"$479473.53","Color":"Crimson","Modelo":2002},
{"Id":616,"Marca":"Lotus","Precio":"¥456701.85","Color":"Purple","Modelo":1979},
{"Id":617,"Marca":"Lotus","Precio":"£248176.50","Color":"Mauv","Modelo":1941},
{"Id":618,"Marca":"Chevrolet","Precio":"£439010.47","Color":"Mauv","Modelo":1992},
{"Id":619,"Marca":"Volvo","Precio":"$39296.87","Color":"Goldenrod","Modelo":1944},
{"Id":620,"Marca":"Chevrolet","Precio":"¥302140.46","Color":"Pink","Modelo":1948},
{"Id":621,"Marca":"Ferrari","Precio":"$93751.83","Color":"Maroon","Modelo":1939},
{"Id":622,"Marca":"Ford","Precio":"£148695.27","Color":"Goldenrod","Modelo":1962},
{"Id":623,"Marca":"Chevrolet","Precio":"¥36349.18","Color":"Maroon","Modelo":1949},
{"Id":624,"Marca":"Porche","Precio":"£110294.10","Color":"Turquoise","Modelo":1969},
{"Id":625,"Marca":"Renault","Precio":"£257850.53","Color":"Mauv","Modelo":1942},
{"Id":626,"Marca":"Renault","Precio":"£191597.01","Color":"Turquoise","Modelo":1964},
{"Id":627,"Marca":"Fiat","Precio":"¥84373.36","Color":"Puce","Modelo":1950},
{"Id":628,"Marca":"Volvo","Precio":"¥36415.02","Color":"Crimson","Modelo":1974},
{"Id":629,"Marca":"Mercedes Benz","Precio":"£255228.82","Color":"Crimson","Modelo":2004},
{"Id":630,"Marca":"Porche","Precio":"¥360165.50","Color":"Khaki","Modelo":1940},
{"Id":631,"Marca":"Volvo","Precio":"£191397.44","Color":"Pink","Modelo":1952},
{"Id":632,"Marca":"BMW","Precio":"€406947,52","Color":"Violet","Modelo":2016},
{"Id":633,"Marca":"BMW","Precio":"€377683,54","Color":"Blue","Modelo":1958},
{"Id":634,"Marca":"Porche","Precio":"€367905,19","Color":"Yellow","Modelo":2009},
{"Id":635,"Marca":"Lotus","Precio":"$302922.53","Color":"Red","Modelo":1981},
{"Id":636,"Marca":"Lotus","Precio":"£298209.36","Color":"Green","Modelo":2001},
{"Id":637,"Marca":"Ferrari","Precio":"£383983.12","Color":"Red","Modelo":1999},
{"Id":638,"Marca":"Porche","Precio":"€215708,89","Color":"Teal","Modelo":1982},
{"Id":639,"Marca":"Ferrari","Precio":"€162800,72","Color":"Teal","Modelo":1974},
{"Id":640,"Marca":"Fiat","Precio":"¥170818.25","Color":"Teal","Modelo":1955},
{"Id":641,"Marca":"Ford","Precio":"£463220.68","Color":"Red","Modelo":1964},
{"Id":642,"Marca":"Renault","Precio":"¥400159.17","Color":"Pink","Modelo":2014},
{"Id":643,"Marca":"Porche","Precio":"£154167.62","Color":"Maroon","Modelo":1977},
{"Id":644,"Marca":"Lotus","Precio":"¥322562.27","Color":"Red","Modelo":2012},
{"Id":645,"Marca":"Mercedes Benz","Precio":"£368164.55","Color":"Teal","Modelo":1993},
{"Id":646,"Marca":"Ferrari","Precio":"£88454.49","Color":"Pink","Modelo":1944},
{"Id":647,"Marca":"Porche","Precio":"$110404.34","Color":"Puce","Modelo":1952},
{"Id":648,"Marca":"Lotus","Precio":"€331912,06","Color":"Khaki","Modelo":2004},
{"Id":649,"Marca":"Volvo","Precio":"£248694.14","Color":"Orange","Modelo":2002},
{"Id":650,"Marca":"Porche","Precio":"£408693.48","Color":"Puce","Modelo":1958},
{"Id":651,"Marca":"Mercedes Benz","Precio":"$343335.26","Color":"Indigo","Modelo":1994},
{"Id":652,"Marca":"Mercedes Benz","Precio":"€294378,64","Color":"Purple","Modelo":2003},
{"Id":653,"Marca":"BMW","Precio":"€484560,75","Color":"Crimson","Modelo":1943},
{"Id":654,"Marca":"Fiat","Precio":"¥83724.55","Color":"Violet","Modelo":1960},
{"Id":655,"Marca":"Porche","Precio":"$34325.96","Color":"Yellow","Modelo":1943},
{"Id":656,"Marca":"Volvo","Precio":"€172228,40","Color":"Violet","Modelo":1971},
{"Id":657,"Marca":"BMW","Precio":"$453059.51","Color":"Aquamarine","Modelo":1968},
{"Id":658,"Marca":"BMW","Precio":"¥419210.17","Color":"Teal","Modelo":1989},
{"Id":659,"Marca":"Ford","Precio":"¥417234.04","Color":"Violet","Modelo":2008},
{"Id":660,"Marca":"Mercedes Benz","Precio":"£143753.77","Color":"Teal","Modelo":1959},
{"Id":661,"Marca":"Renault","Precio":"¥114571.44","Color":"Yellow","Modelo":1954},
{"Id":662,"Marca":"Renault","Precio":"¥225667.92","Color":"Teal","Modelo":1994},
{"Id":663,"Marca":"Fiat","Precio":"$417087.45","Color":"Fuscia","Modelo":1946},
{"Id":664,"Marca":"Renault","Precio":"£402095.16","Color":"Indigo","Modelo":1979},
{"Id":665,"Marca":"BMW","Precio":"¥347732.19","Color":"Crimson","Modelo":1980},
{"Id":666,"Marca":"Chevrolet","Precio":"£86327.01","Color":"Mauv","Modelo":2006},
{"Id":667,"Marca":"BMW","Precio":"£112105.25","Color":"Mauv","Modelo":1973},
{"Id":668,"Marca":"Renault","Precio":"€449620,55","Color":"Puce","Modelo":1982},
{"Id":669,"Marca":"Fiat","Precio":"£198303.92","Color":"Purple","Modelo":1946},
{"Id":670,"Marca":"Volvo","Precio":"£84902.43","Color":"Fuscia","Modelo":1962},
{"Id":671,"Marca":"Renault","Precio":"$442513.40","Color":"Pink","Modelo":1971},
{"Id":672,"Marca":"Porche","Precio":"$243203.94","Color":"Yellow","Modelo":1985},
{"Id":673,"Marca":"Fiat","Precio":"€66552,45","Color":"Aquamarine","Modelo":1976},
{"Id":674,"Marca":"Porche","Precio":"¥237153.86","Color":"Purple","Modelo":2000},
{"Id":675,"Marca":"Porche","Precio":"€105850,77","Color":"Violet","Modelo":1940},
{"Id":676,"Marca":"Lotus","Precio":"$322328.01","Color":"Mauv","Modelo":1973},
{"Id":677,"Marca":"Ferrari","Precio":"€383533,51","Color":"Indigo","Modelo":1988},
{"Id":678,"Marca":"Ferrari","Precio":"£498144.85","Color":"Puce","Modelo":1967},
{"Id":679,"Marca":"Ford","Precio":"¥455338.93","Color":"Green","Modelo":1959},
{"Id":680,"Marca":"BMW","Precio":"$105601.57","Color":"Purple","Modelo":1959},
{"Id":681,"Marca":"Porche","Precio":"€130766,01","Color":"Pink","Modelo":1964},
{"Id":682,"Marca":"Ford","Precio":"¥261757.89","Color":"Pink","Modelo":1951},
{"Id":683,"Marca":"Fiat","Precio":"€391703,73","Color":"Goldenrod","Modelo":1971},
{"Id":684,"Marca":"Renault","Precio":"€223957,69","Color":"Khaki","Modelo":1943},
{"Id":685,"Marca":"BMW","Precio":"¥480416.18","Color":"Goldenrod","Modelo":2006},
{"Id":686,"Marca":"Mercedes Benz","Precio":"$331789.04","Color":"Purple","Modelo":1972},
{"Id":687,"Marca":"Mercedes Benz","Precio":"$37234.27","Color":"Pink","Modelo":1951},
{"Id":688,"Marca":"BMW","Precio":"€237823,03","Color":"Orange","Modelo":2007},
{"Id":689,"Marca":"BMW","Precio":"£166847.96","Color":"Yellow","Modelo":1978},
{"Id":690,"Marca":"Mercedes Benz","Precio":"£449436.45","Color":"Indigo","Modelo":2006},
{"Id":691,"Marca":"Ferrari","Precio":"£204271.27","Color":"Green","Modelo":1941},
{"Id":692,"Marca":"BMW","Precio":"$467831.14","Color":"Orange","Modelo":1936},
{"Id":693,"Marca":"Mercedes Benz","Precio":"$140807.89","Color":"Puce","Modelo":1967},
{"Id":694,"Marca":"Ferrari","Precio":"£441264.32","Color":"Yellow","Modelo":1996},
{"Id":695,"Marca":"Mercedes Benz","Precio":"£200765.62","Color":"Green","Modelo":1981},
{"Id":696,"Marca":"Ford","Precio":"£332883.96","Color":"Khaki","Modelo":1987},
{"Id":697,"Marca":"Ferrari","Precio":"£168709.43","Color":"Puce","Modelo":1963},
{"Id":698,"Marca":"Chevrolet","Precio":"£460148.67","Color":"Pink","Modelo":1942},
{"Id":699,"Marca":"Chevrolet","Precio":"£105794.95","Color":"Crimson","Modelo":2002},
{"Id":700,"Marca":"Porche","Precio":"¥374763.43","Color":"Crimson","Modelo":1988},
{"Id":701,"Marca":"Mercedes Benz","Precio":"$369899.65","Color":"Fuscia","Modelo":2005},
{"Id":702,"Marca":"Ford","Precio":"$392705.44","Color":"Pink","Modelo":1976},
{"Id":703,"Marca":"Renault","Precio":"$462471.86","Color":"Orange","Modelo":2016},
{"Id":704,"Marca":"Ford","Precio":"€104678,62","Color":"Khaki","Modelo":2015},
{"Id":705,"Marca":"Ferrari","Precio":"€430780,28","Color":"Teal","Modelo":1942},
{"Id":706,"Marca":"Fiat","Precio":"€212050,79","Color":"Puce","Modelo":2005},
{"Id":707,"Marca":"Lotus","Precio":"$214450.03","Color":"Crimson","Modelo":1975},
{"Id":708,"Marca":"Lotus","Precio":"€472282,41","Color":"Yellow","Modelo":2009},
{"Id":709,"Marca":"Volvo","Precio":"£194571.81","Color":"Aquamarine","Modelo":1987},
{"Id":710,"Marca":"Volvo","Precio":"$332580.17","Color":"Mauv","Modelo":1969},
{"Id":711,"Marca":"Porche","Precio":"€360911,19","Color":"Goldenrod","Modelo":1981},
{"Id":712,"Marca":"Mercedes Benz","Precio":"£334439.90","Color":"Indigo","Modelo":1968},
{"Id":713,"Marca":"Mercedes Benz","Precio":"$363384.41","Color":"Red","Modelo":1948},
{"Id":714,"Marca":"Ferrari","Precio":"€40341,26","Color":"Violet","Modelo":1979},
{"Id":715,"Marca":"Renault","Precio":"€195764,26","Color":"Aquamarine","Modelo":1993},
{"Id":716,"Marca":"Lotus","Precio":"¥429509.77","Color":"Khaki","Modelo":1996},
{"Id":717,"Marca":"Fiat","Precio":"$199514.86","Color":"Blue","Modelo":1995},
{"Id":718,"Marca":"Volvo","Precio":"£438451.95","Color":"Orange","Modelo":1965},
{"Id":719,"Marca":"Chevrolet","Precio":"£384347.72","Color":"Purple","Modelo":1983},
{"Id":720,"Marca":"BMW","Precio":"€36582,44","Color":"Green","Modelo":1945},
{"Id":721,"Marca":"Fiat","Precio":"£60199.66","Color":"Indigo","Modelo":1953},
{"Id":722,"Marca":"Renault","Precio":"£57878.25","Color":"Aquamarine","Modelo":1937},
{"Id":723,"Marca":"Lotus","Precio":"£73422.74","Color":"Green","Modelo":1944},
{"Id":724,"Marca":"Lotus","Precio":"£173900.82","Color":"Green","Modelo":1950},
{"Id":725,"Marca":"Mercedes Benz","Precio":"£265817.80","Color":"Violet","Modelo":1964},
{"Id":726,"Marca":"Mercedes Benz","Precio":"$259701.51","Color":"Turquoise","Modelo":1942},
{"Id":727,"Marca":"Porche","Precio":"£167162.13","Color":"Teal","Modelo":2003},
{"Id":728,"Marca":"Ford","Precio":"¥361962.74","Color":"Turquoise","Modelo":1977},
{"Id":729,"Marca":"Chevrolet","Precio":"¥27317.73","Color":"Khaki","Modelo":1957},
{"Id":730,"Marca":"Porche","Precio":"$290477.84","Color":"Violet","Modelo":1967},
{"Id":731,"Marca":"Ferrari","Precio":"€151978,41","Color":"Mauv","Modelo":2011},
{"Id":732,"Marca":"Fiat","Precio":"¥255377.48","Color":"Fuscia","Modelo":1982},
{"Id":733,"Marca":"Porche","Precio":"€183908,44","Color":"Khaki","Modelo":1936},
{"Id":734,"Marca":"BMW","Precio":"¥219871.72","Color":"Mauv","Modelo":2013},
{"Id":735,"Marca":"BMW","Precio":"£79992.80","Color":"Crimson","Modelo":2006},
{"Id":736,"Marca":"Mercedes Benz","Precio":"$107091.69","Color":"Orange","Modelo":1992},
{"Id":737,"Marca":"Mercedes Benz","Precio":"¥118389.39","Color":"Purple","Modelo":1957},
{"Id":738,"Marca":"Ferrari","Precio":"$393319.14","Color":"Maroon","Modelo":1969},
{"Id":739,"Marca":"Fiat","Precio":"¥118252.02","Color":"Orange","Modelo":2013},
{"Id":740,"Marca":"Ferrari","Precio":"¥127314.23","Color":"Violet","Modelo":1987},
{"Id":741,"Marca":"Porche","Precio":"€191282,18","Color":"Fuscia","Modelo":1971},
{"Id":742,"Marca":"Chevrolet","Precio":"€84341,94","Color":"Indigo","Modelo":2002},
{"Id":743,"Marca":"Fiat","Precio":"€358361,58","Color":"Blue","Modelo":2005},
{"Id":744,"Marca":"BMW","Precio":"£392138.62","Color":"Maroon","Modelo":2011},
{"Id":745,"Marca":"Chevrolet","Precio":"€44177,31","Color":"Teal","Modelo":1940},
{"Id":746,"Marca":"Ferrari","Precio":"£204948.86","Color":"Aquamarine","Modelo":1939},
{"Id":747,"Marca":"Mercedes Benz","Precio":"$259914.74","Color":"Goldenrod","Modelo":1961},
{"Id":748,"Marca":"BMW","Precio":"$219397.86","Color":"Aquamarine","Modelo":1991},
{"Id":749,"Marca":"BMW","Precio":"¥256813.16","Color":"Teal","Modelo":1953},
{"Id":750,"Marca":"Porche","Precio":"¥342268.16","Color":"Orange","Modelo":2016},
{"Id":751,"Marca":"BMW","Precio":"€476897,69","Color":"Goldenrod","Modelo":1973},
{"Id":752,"Marca":"BMW","Precio":"€295957,77","Color":"Yellow","Modelo":2011},
{"Id":753,"Marca":"Mercedes Benz","Precio":"¥294379.64","Color":"Blue","Modelo":1996},
{"Id":754,"Marca":"BMW","Precio":"¥273874.58","Color":"Orange","Modelo":1999},
{"Id":755,"Marca":"Fiat","Precio":"£274283.82","Color":"Fuscia","Modelo":1967},
{"Id":756,"Marca":"Mercedes Benz","Precio":"$491309.00","Color":"Puce","Modelo":1966},
{"Id":757,"Marca":"Mercedes Benz","Precio":"¥55032.17","Color":"Crimson","Modelo":2001},
{"Id":758,"Marca":"Volvo","Precio":"¥346285.56","Color":"Purple","Modelo":2001},
{"Id":759,"Marca":"Fiat","Precio":"€372354,07","Color":"Pink","Modelo":1996},
{"Id":760,"Marca":"Ferrari","Precio":"$495572.05","Color":"Mauv","Modelo":1972},
{"Id":761,"Marca":"Porche","Precio":"¥272797.81","Color":"Pink","Modelo":1993},
{"Id":762,"Marca":"Renault","Precio":"£176146.08","Color":"Aquamarine","Modelo":1981},
{"Id":763,"Marca":"Fiat","Precio":"$296103.61","Color":"Goldenrod","Modelo":1983},
{"Id":764,"Marca":"Ford","Precio":"$38525.49","Color":"Orange","Modelo":1946},
{"Id":765,"Marca":"Lotus","Precio":"£237078.36","Color":"Turquoise","Modelo":1980},
{"Id":766,"Marca":"Porche","Precio":"$91110.96","Color":"Goldenrod","Modelo":1965},
{"Id":767,"Marca":"Chevrolet","Precio":"€180731,34","Color":"Maroon","Modelo":1936},
{"Id":768,"Marca":"Fiat","Precio":"¥364816.72","Color":"Red","Modelo":2012},
{"Id":769,"Marca":"Fiat","Precio":"€130235,69","Color":"Maroon","Modelo":1990},
{"Id":770,"Marca":"Ferrari","Precio":"€286145,07","Color":"Red","Modelo":2013},
{"Id":771,"Marca":"Ferrari","Precio":"£441654.41","Color":"Blue","Modelo":1991},
{"Id":772,"Marca":"Lotus","Precio":"£166250.70","Color":"Maroon","Modelo":1968},
{"Id":773,"Marca":"Ferrari","Precio":"¥232731.65","Color":"Teal","Modelo":1996},
{"Id":774,"Marca":"Renault","Precio":"¥473650.65","Color":"Aquamarine","Modelo":1990},
{"Id":775,"Marca":"Mercedes Benz","Precio":"¥223833.58","Color":"Pink","Modelo":1942},
{"Id":776,"Marca":"Fiat","Precio":"¥207285.43","Color":"Khaki","Modelo":2012},
{"Id":777,"Marca":"Lotus","Precio":"€313097,55","Color":"Pink","Modelo":1995},
{"Id":778,"Marca":"Lotus","Precio":"$339082.30","Color":"Yellow","Modelo":1971},
{"Id":779,"Marca":"Porche","Precio":"£54611.59","Color":"Aquamarine","Modelo":1979},
{"Id":780,"Marca":"Mercedes Benz","Precio":"€478421,61","Color":"Mauv","Modelo":1981},
{"Id":781,"Marca":"Renault","Precio":"£346901.64","Color":"Mauv","Modelo":1994},
{"Id":782,"Marca":"Ferrari","Precio":"£439599.32","Color":"Crimson","Modelo":1964},
{"Id":783,"Marca":"Renault","Precio":"€157326,01","Color":"Khaki","Modelo":1972},
{"Id":784,"Marca":"Ferrari","Precio":"$300447.41","Color":"Aquamarine","Modelo":1996},
{"Id":785,"Marca":"Volvo","Precio":"¥427738.83","Color":"Aquamarine","Modelo":1958},
{"Id":786,"Marca":"Lotus","Precio":"£402198.39","Color":"Violet","Modelo":1969},
{"Id":787,"Marca":"Ferrari","Precio":"$415355.30","Color":"Indigo","Modelo":1998},
{"Id":788,"Marca":"Renault","Precio":"¥257152.31","Color":"Fuscia","Modelo":1975},
{"Id":789,"Marca":"Porche","Precio":"€69943,46","Color":"Fuscia","Modelo":1990},
{"Id":790,"Marca":"Ford","Precio":"€370204,52","Color":"Goldenrod","Modelo":1996},
{"Id":791,"Marca":"Porche","Precio":"£450806.65","Color":"Indigo","Modelo":1947},
{"Id":792,"Marca":"Fiat","Precio":"£482979.16","Color":"Puce","Modelo":1975},
{"Id":793,"Marca":"BMW","Precio":"$191512.33","Color":"Pink","Modelo":2005},
{"Id":794,"Marca":"Chevrolet","Precio":"¥400885.76","Color":"Maroon","Modelo":1994},
{"Id":795,"Marca":"BMW","Precio":"$368826.07","Color":"Red","Modelo":1937},
{"Id":796,"Marca":"Lotus","Precio":"$495638.03","Color":"Blue","Modelo":1991},
{"Id":797,"Marca":"Chevrolet","Precio":"¥362254.16","Color":"Orange","Modelo":1973},
{"Id":798,"Marca":"Porche","Precio":"¥459551.43","Color":"Blue","Modelo":1969},
{"Id":799,"Marca":"Lotus","Precio":"£361935.49","Color":"Red","Modelo":2012},
{"Id":800,"Marca":"Ferrari","Precio":"¥155120.97","Color":"Red","Modelo":1950},
{"Id":801,"Marca":"Fiat","Precio":"€263641,99","Color":"Fuscia","Modelo":1975},
{"Id":802,"Marca":"Fiat","Precio":"€402447,04","Color":"Green","Modelo":1976},
{"Id":803,"Marca":"Chevrolet","Precio":"£426090.29","Color":"Green","Modelo":2004},
{"Id":804,"Marca":"Chevrolet","Precio":"$125168.81","Color":"Orange","Modelo":1956},
{"Id":805,"Marca":"Ford","Precio":"¥43731.21","Color":"Maroon","Modelo":1938},
{"Id":806,"Marca":"Volvo","Precio":"$60185.34","Color":"Aquamarine","Modelo":1947},
{"Id":807,"Marca":"Ferrari","Precio":"£428259.97","Color":"Fuscia","Modelo":1973},
{"Id":808,"Marca":"Ferrari","Precio":"£375089.80","Color":"Khaki","Modelo":2015},
{"Id":809,"Marca":"Ford","Precio":"€337096,07","Color":"Teal","Modelo":1997},
{"Id":810,"Marca":"Ferrari","Precio":"¥352172.41","Color":"Red","Modelo":2009},
{"Id":811,"Marca":"Ferrari","Precio":"£429745.38","Color":"Mauv","Modelo":2008},
{"Id":812,"Marca":"Porche","Precio":"€83804,11","Color":"Violet","Modelo":1951},
{"Id":813,"Marca":"Mercedes Benz","Precio":"$306842.69","Color":"Crimson","Modelo":1946},
{"Id":814,"Marca":"Renault","Precio":"¥452186.93","Color":"Pink","Modelo":1946},
{"Id":815,"Marca":"Fiat","Precio":"€121866,26","Color":"Fuscia","Modelo":1970},
{"Id":816,"Marca":"Ford","Precio":"$374184.21","Color":"Purple","Modelo":1993},
{"Id":817,"Marca":"BMW","Precio":"€276014,81","Color":"Indigo","Modelo":2008},
{"Id":818,"Marca":"Chevrolet","Precio":"$418255.02","Color":"Puce","Modelo":1973},
{"Id":819,"Marca":"Porche","Precio":"€174102,85","Color":"Red","Modelo":1970},
{"Id":820,"Marca":"Porche","Precio":"€384819,31","Color":"Aquamarine","Modelo":1986},
{"Id":821,"Marca":"Chevrolet","Precio":"¥251852.69","Color":"Mauv","Modelo":2014},
{"Id":822,"Marca":"Renault","Precio":"£159535.59","Color":"Indigo","Modelo":1994},
{"Id":823,"Marca":"Ferrari","Precio":"¥331293.53","Color":"Aquamarine","Modelo":2005},
{"Id":824,"Marca":"Mercedes Benz","Precio":"€128220,69","Color":"Crimson","Modelo":2007},
{"Id":825,"Marca":"Fiat","Precio":"$366037.43","Color":"Puce","Modelo":1989},
{"Id":826,"Marca":"Chevrolet","Precio":"$282717.79","Color":"Red","Modelo":1974},
{"Id":827,"Marca":"Porche","Precio":"¥180243.09","Color":"Indigo","Modelo":2014},
{"Id":828,"Marca":"Fiat","Precio":"£478772.21","Color":"Indigo","Modelo":1949},
{"Id":829,"Marca":"Ford","Precio":"$93345.83","Color":"Goldenrod","Modelo":1976},
{"Id":830,"Marca":"Volvo","Precio":"€134583,43","Color":"Pink","Modelo":1952},
{"Id":831,"Marca":"Porche","Precio":"¥50088.40","Color":"Turquoise","Modelo":1938},
{"Id":832,"Marca":"Porche","Precio":"£452877.85","Color":"Purple","Modelo":1996},
{"Id":833,"Marca":"Mercedes Benz","Precio":"$225029.86","Color":"Pink","Modelo":1941},
{"Id":834,"Marca":"Mercedes Benz","Precio":"€103360,27","Color":"Maroon","Modelo":1964},
{"Id":835,"Marca":"Mercedes Benz","Precio":"€265448,79","Color":"Goldenrod","Modelo":1963},
{"Id":836,"Marca":"Renault","Precio":"$188467.13","Color":"Indigo","Modelo":1981},
{"Id":837,"Marca":"Ford","Precio":"€277407,88","Color":"Orange","Modelo":1996},
{"Id":838,"Marca":"Fiat","Precio":"€429214,61","Color":"Goldenrod","Modelo":1980},
{"Id":839,"Marca":"Porche","Precio":"€180463,11","Color":"Teal","Modelo":1984},
{"Id":840,"Marca":"BMW","Precio":"¥32351.15","Color":"Pink","Modelo":1978},
{"Id":841,"Marca":"Ferrari","Precio":"€189294,54","Color":"Aquamarine","Modelo":1936},
{"Id":842,"Marca":"Ferrari","Precio":"$239397.06","Color":"Mauv","Modelo":1956},
{"Id":843,"Marca":"Chevrolet","Precio":"¥431138.07","Color":"Teal","Modelo":1996},
{"Id":844,"Marca":"BMW","Precio":"¥451879.51","Color":"Khaki","Modelo":1948},
{"Id":845,"Marca":"Chevrolet","Precio":"$103387.71","Color":"Puce","Modelo":1981},
{"Id":846,"Marca":"Ford","Precio":"£131000.83","Color":"Red","Modelo":2007},
{"Id":847,"Marca":"Volvo","Precio":"$66440.19","Color":"Goldenrod","Modelo":2000},
{"Id":848,"Marca":"Volvo","Precio":"¥101797.40","Color":"Orange","Modelo":1989},
{"Id":849,"Marca":"BMW","Precio":"£188595.41","Color":"Crimson","Modelo":1977},
{"Id":850,"Marca":"Renault","Precio":"$268113.47","Color":"Indigo","Modelo":1959},
{"Id":851,"Marca":"Porche","Precio":"€453195,59","Color":"Puce","Modelo":1972},
{"Id":852,"Marca":"BMW","Precio":"$84401.64","Color":"Green","Modelo":1969},
{"Id":853,"Marca":"Mercedes Benz","Precio":"¥131659.39","Color":"Pink","Modelo":1987},
{"Id":854,"Marca":"Renault","Precio":"£150339.60","Color":"Puce","Modelo":1963},
{"Id":855,"Marca":"Porche","Precio":"¥84267.87","Color":"Teal","Modelo":1974},
{"Id":856,"Marca":"BMW","Precio":"$359995.88","Color":"Maroon","Modelo":1956},
{"Id":857,"Marca":"Volvo","Precio":"$288971.83","Color":"Purple","Modelo":2001},
{"Id":858,"Marca":"Volvo","Precio":"¥149604.85","Color":"Violet","Modelo":1949},
{"Id":859,"Marca":"Ferrari","Precio":"$169223.06","Color":"Maroon","Modelo":1955},
{"Id":860,"Marca":"Volvo","Precio":"€204975,89","Color":"Teal","Modelo":1952},
{"Id":861,"Marca":"Chevrolet","Precio":"$53365.54","Color":"Indigo","Modelo":1962},
{"Id":862,"Marca":"Ford","Precio":"€223428,09","Color":"Goldenrod","Modelo":2000},
{"Id":863,"Marca":"Fiat","Precio":"$494075.27","Color":"Violet","Modelo":1962},
{"Id":864,"Marca":"Chevrolet","Precio":"$178216.68","Color":"Fuscia","Modelo":1959},
{"Id":865,"Marca":"Fiat","Precio":"¥163181.03","Color":"Blue","Modelo":2010},
{"Id":866,"Marca":"Lotus","Precio":"$362977.29","Color":"Goldenrod","Modelo":2016},
{"Id":867,"Marca":"Renault","Precio":"$245688.88","Color":"Mauv","Modelo":2002},
{"Id":868,"Marca":"Ferrari","Precio":"£78802.02","Color":"Red","Modelo":1938},
{"Id":869,"Marca":"Chevrolet","Precio":"$133777.93","Color":"Goldenrod","Modelo":1979},
{"Id":870,"Marca":"Renault","Precio":"€36640,17","Color":"Yellow","Modelo":1982},
{"Id":871,"Marca":"Fiat","Precio":"£63010.12","Color":"Mauv","Modelo":1953},
{"Id":872,"Marca":"Mercedes Benz","Precio":"¥407751.68","Color":"Teal","Modelo":2015},
{"Id":873,"Marca":"Fiat","Precio":"$82576.96","Color":"Red","Modelo":1980},
{"Id":874,"Marca":"BMW","Precio":"£323662.26","Color":"Maroon","Modelo":1976},
{"Id":875,"Marca":"BMW","Precio":"$370522.68","Color":"Khaki","Modelo":1961},
{"Id":876,"Marca":"Fiat","Precio":"$244289.76","Color":"Maroon","Modelo":1944},
{"Id":877,"Marca":"Chevrolet","Precio":"£425998.87","Color":"Khaki","Modelo":1966},
{"Id":878,"Marca":"Chevrolet","Precio":"$444476.37","Color":"Red","Modelo":1993},
{"Id":879,"Marca":"Ferrari","Precio":"$466241.59","Color":"Crimson","Modelo":2000},
{"Id":880,"Marca":"Chevrolet","Precio":"£85197.67","Color":"Yellow","Modelo":1964},
{"Id":881,"Marca":"Mercedes Benz","Precio":"€121475,17","Color":"Maroon","Modelo":1956},
{"Id":882,"Marca":"Renault","Precio":"$40524.00","Color":"Goldenrod","Modelo":1983},
{"Id":883,"Marca":"Porche","Precio":"$447820.40","Color":"Pink","Modelo":1981},
{"Id":884,"Marca":"Porche","Precio":"$393218.54","Color":"Khaki","Modelo":1962},
{"Id":885,"Marca":"Ferrari","Precio":"£416792.51","Color":"Goldenrod","Modelo":2003},
{"Id":886,"Marca":"Renault","Precio":"€295306,83","Color":"Khaki","Modelo":1945},
{"Id":887,"Marca":"Renault","Precio":"£154010.01","Color":"Turquoise","Modelo":1991},
{"Id":888,"Marca":"BMW","Precio":"£117176.28","Color":"Purple","Modelo":1938},
{"Id":889,"Marca":"Ford","Precio":"€375778,68","Color":"Violet","Modelo":1964},
{"Id":890,"Marca":"Ferrari","Precio":"£26758.85","Color":"Green","Modelo":1960},
{"Id":891,"Marca":"Renault","Precio":"$354320.24","Color":"Yellow","Modelo":1971},
{"Id":892,"Marca":"BMW","Precio":"¥232017.24","Color":"Green","Modelo":1937},
{"Id":893,"Marca":"Ferrari","Precio":"£338718.53","Color":"Orange","Modelo":1944},
{"Id":894,"Marca":"Porche","Precio":"€62895,26","Color":"Khaki","Modelo":2004},
{"Id":895,"Marca":"Volvo","Precio":"€327989,47","Color":"Teal","Modelo":1944},
{"Id":896,"Marca":"BMW","Precio":"¥425689.97","Color":"Violet","Modelo":1996},
{"Id":897,"Marca":"Mercedes Benz","Precio":"€201725,87","Color":"Aquamarine","Modelo":1976},
{"Id":898,"Marca":"Mercedes Benz","Precio":"£56252.91","Color":"Aquamarine","Modelo":1979},
{"Id":899,"Marca":"Porche","Precio":"$456456.68","Color":"Purple","Modelo":1965},
{"Id":900,"Marca":"Mercedes Benz","Precio":"$131381.74","Color":"Khaki","Modelo":1979},
{"Id":901,"Marca":"Renault","Precio":"€494269,63","Color":"Purple","Modelo":1959},
{"Id":902,"Marca":"Porche","Precio":"€343556,26","Color":"Crimson","Modelo":1960},
{"Id":903,"Marca":"Renault","Precio":"€242461,91","Color":"Aquamarine","Modelo":2004},
{"Id":904,"Marca":"Volvo","Precio":"£439776.22","Color":"Indigo","Modelo":1958},
{"Id":905,"Marca":"Lotus","Precio":"£49360.79","Color":"Indigo","Modelo":2005},
{"Id":906,"Marca":"Renault","Precio":"£62824.21","Color":"Indigo","Modelo":2008},
{"Id":907,"Marca":"BMW","Precio":"£343530.90","Color":"Pink","Modelo":2013},
{"Id":908,"Marca":"BMW","Precio":"¥234146.64","Color":"Crimson","Modelo":1956},
{"Id":909,"Marca":"Renault","Precio":"¥300048.72","Color":"Crimson","Modelo":1967},
{"Id":910,"Marca":"Lotus","Precio":"€470024,02","Color":"Purple","Modelo":2003},
{"Id":911,"Marca":"Lotus","Precio":"€282528,26","Color":"Orange","Modelo":2011},
{"Id":912,"Marca":"Lotus","Precio":"€486264,02","Color":"Yellow","Modelo":1958},
{"Id":913,"Marca":"Ford","Precio":"$137512.06","Color":"Goldenrod","Modelo":2011},
{"Id":914,"Marca":"Ford","Precio":"€426694,07","Color":"Puce","Modelo":1955},
{"Id":915,"Marca":"Ford","Precio":"£177113.46","Color":"Red","Modelo":2001},
{"Id":916,"Marca":"Volvo","Precio":"£431340.64","Color":"Indigo","Modelo":1974},
{"Id":917,"Marca":"BMW","Precio":"£318735.86","Color":"Green","Modelo":1989},
{"Id":918,"Marca":"Ferrari","Precio":"€336160,96","Color":"Green","Modelo":1955},
{"Id":919,"Marca":"Ferrari","Precio":"£30363.32","Color":"Yellow","Modelo":1989},
{"Id":920,"Marca":"BMW","Precio":"€173243,88","Color":"Violet","Modelo":1958},
{"Id":921,"Marca":"Ferrari","Precio":"$96946.03","Color":"Khaki","Modelo":1977},
{"Id":922,"Marca":"Ferrari","Precio":"¥331464.32","Color":"Puce","Modelo":1979},
{"Id":923,"Marca":"BMW","Precio":"£404601.69","Color":"Puce","Modelo":1954},
{"Id":924,"Marca":"Mercedes Benz","Precio":"€206564,61","Color":"Pink","Modelo":2009},
{"Id":925,"Marca":"Ferrari","Precio":"$407722.21","Color":"Turquoise","Modelo":1948},
{"Id":926,"Marca":"BMW","Precio":"€31704,13","Color":"Blue","Modelo":1990},
{"Id":927,"Marca":"Porche","Precio":"£250675.32","Color":"Yellow","Modelo":2006},
{"Id":928,"Marca":"Mercedes Benz","Precio":"¥307056.14","Color":"Turquoise","Modelo":2003},
{"Id":929,"Marca":"Lotus","Precio":"€250992,69","Color":"Green","Modelo":1941},
{"Id":930,"Marca":"BMW","Precio":"£335461.23","Color":"Goldenrod","Modelo":1988},
{"Id":931,"Marca":"Ferrari","Precio":"¥418257.29","Color":"Orange","Modelo":1949},
{"Id":932,"Marca":"BMW","Precio":"¥141637.53","Color":"Blue","Modelo":1970},
{"Id":933,"Marca":"Porche","Precio":"€256854,77","Color":"Red","Modelo":1936},
{"Id":934,"Marca":"BMW","Precio":"$390171.13","Color":"Turquoise","Modelo":1936},
{"Id":935,"Marca":"Mercedes Benz","Precio":"$417721.75","Color":"Turquoise","Modelo":1947},
{"Id":936,"Marca":"Porche","Precio":"£392111.12","Color":"Teal","Modelo":2006},
{"Id":937,"Marca":"Ford","Precio":"$371408.84","Color":"Turquoise","Modelo":1941},
{"Id":938,"Marca":"Chevrolet","Precio":"£123029.91","Color":"Purple","Modelo":1947},
{"Id":939,"Marca":"Ferrari","Precio":"£198753.56","Color":"Khaki","Modelo":1958},
{"Id":940,"Marca":"Lotus","Precio":"¥80813.43","Color":"Indigo","Modelo":1982},
{"Id":941,"Marca":"Lotus","Precio":"¥100354.77","Color":"Indigo","Modelo":1958},
{"Id":942,"Marca":"Porche","Precio":"£51004.15","Color":"Mauv","Modelo":1988},
{"Id":943,"Marca":"Renault","Precio":"$94121.59","Color":"Teal","Modelo":1980},
{"Id":944,"Marca":"Renault","Precio":"¥478158.39","Color":"Violet","Modelo":1943},
{"Id":945,"Marca":"Renault","Precio":"£328425.26","Color":"Fuscia","Modelo":1970},
{"Id":946,"Marca":"Porche","Precio":"€92479,19","Color":"Maroon","Modelo":1953},
{"Id":947,"Marca":"Renault","Precio":"$337456.29","Color":"Fuscia","Modelo":1940},
{"Id":948,"Marca":"Mercedes Benz","Precio":"¥312292.22","Color":"Pink","Modelo":2003},
{"Id":949,"Marca":"Ferrari","Precio":"£268540.73","Color":"Red","Modelo":2003},
{"Id":950,"Marca":"BMW","Precio":"$57397.97","Color":"Pink","Modelo":2006},
{"Id":951,"Marca":"Mercedes Benz","Precio":"¥429055.74","Color":"Crimson","Modelo":2011},
{"Id":952,"Marca":"Ford","Precio":"$175012.37","Color":"Khaki","Modelo":1993},
{"Id":953,"Marca":"Porche","Precio":"$445544.90","Color":"Puce","Modelo":2015},
{"Id":954,"Marca":"Chevrolet","Precio":"£175916.03","Color":"Purple","Modelo":1982},
{"Id":955,"Marca":"Fiat","Precio":"¥364117.48","Color":"Green","Modelo":1983},
{"Id":956,"Marca":"Renault","Precio":"€236921,62","Color":"Aquamarine","Modelo":1979},
{"Id":957,"Marca":"Renault","Precio":"£176615.18","Color":"Orange","Modelo":1996},
{"Id":958,"Marca":"Ford","Precio":"£486524.74","Color":"Pink","Modelo":1967},
{"Id":959,"Marca":"Lotus","Precio":"£84773.23","Color":"Turquoise","Modelo":1974},
{"Id":960,"Marca":"Mercedes Benz","Precio":"€268783,16","Color":"Blue","Modelo":1941},
{"Id":961,"Marca":"Ford","Precio":"£286317.53","Color":"Turquoise","Modelo":1947},
{"Id":962,"Marca":"Renault","Precio":"¥407743.32","Color":"Turquoise","Modelo":1956},
{"Id":963,"Marca":"Fiat","Precio":"¥230846.27","Color":"Blue","Modelo":1958},
{"Id":964,"Marca":"Chevrolet","Precio":"$461697.88","Color":"Mauv","Modelo":2001},
{"Id":965,"Marca":"Fiat","Precio":"$391000.88","Color":"Puce","Modelo":1999},
{"Id":966,"Marca":"Porche","Precio":"$383966.58","Color":"Orange","Modelo":1990},
{"Id":967,"Marca":"Lotus","Precio":"£446263.70","Color":"Pink","Modelo":1966},
{"Id":968,"Marca":"Ford","Precio":"$357742.35","Color":"Puce","Modelo":1979},
{"Id":969,"Marca":"BMW","Precio":"€215637,48","Color":"Goldenrod","Modelo":1983},
{"Id":970,"Marca":"Porche","Precio":"¥318679.49","Color":"Turquoise","Modelo":1971},
{"Id":971,"Marca":"Fiat","Precio":"$404443.74","Color":"Green","Modelo":1955},
{"Id":972,"Marca":"Renault","Precio":"€428123,24","Color":"Orange","Modelo":1977},
{"Id":973,"Marca":"Lotus","Precio":"€202283,93","Color":"Maroon","Modelo":1936},
{"Id":974,"Marca":"Ferrari","Precio":"$406087.25","Color":"Purple","Modelo":1987},
{"Id":975,"Marca":"Lotus","Precio":"€300056,96","Color":"Fuscia","Modelo":2012},
{"Id":976,"Marca":"Ford","Precio":"£286474.98","Color":"Turquoise","Modelo":1984},
{"Id":977,"Marca":"Ferrari","Precio":"€267253,52","Color":"Indigo","Modelo":1943},
{"Id":978,"Marca":"Chevrolet","Precio":"€343818,38","Color":"Purple","Modelo":1956},
{"Id":979,"Marca":"Lotus","Precio":"$323888.55","Color":"Goldenrod","Modelo":1972},
{"Id":980,"Marca":"Chevrolet","Precio":"¥179288.23","Color":"Goldenrod","Modelo":1939},
{"Id":981,"Marca":"Renault","Precio":"£56436.78","Color":"Goldenrod","Modelo":2006},
{"Id":982,"Marca":"Chevrolet","Precio":"$118078.47","Color":"Maroon","Modelo":1993},
{"Id":983,"Marca":"Chevrolet","Precio":"€390749,99","Color":"Purple","Modelo":2005},
{"Id":984,"Marca":"Ford","Precio":"£266363.06","Color":"Red","Modelo":1987},
{"Id":985,"Marca":"Porche","Precio":"¥455768.12","Color":"Red","Modelo":2004},
{"Id":986,"Marca":"Renault","Precio":"£148843.05","Color":"Blue","Modelo":1984},
{"Id":987,"Marca":"Ferrari","Precio":"€316802,78","Color":"Violet","Modelo":1972},
{"Id":988,"Marca":"Ferrari","Precio":"¥118234.54","Color":"Goldenrod","Modelo":1955},
{"Id":989,"Marca":"Porche","Precio":"¥401434.51","Color":"Yellow","Modelo":1989},
{"Id":990,"Marca":"Mercedes Benz","Precio":"€170633,66","Color":"Purple","Modelo":1990},
{"Id":991,"Marca":"Porche","Precio":"¥122070.87","Color":"Indigo","Modelo":1961},
{"Id":992,"Marca":"Ferrari","Precio":"£346350.26","Color":"Blue","Modelo":1991},
{"Id":993,"Marca":"Ford","Precio":"£385011.26","Color":"Blue","Modelo":1967},
{"Id":994,"Marca":"Chevrolet","Precio":"$379740.26","Color":"Crimson","Modelo":1997},
{"Id":995,"Marca":"Renault","Precio":"€235029,81","Color":"Orange","Modelo":1967},
{"Id":996,"Marca":"Ferrari","Precio":"¥129288.01","Color":"Yellow","Modelo":1994},
{"Id":997,"Marca":"Renault","Precio":"¥336025.71","Color":"Violet","Modelo":1976},
{"Id":998,"Marca":"Renault","Precio":"£309793.20","Color":"Teal","Modelo":2008},
{"Id":999,"Marca":"Mercedes Benz","Precio":"$121115.62","Color":"Aquamarine","Modelo":1959},
{"Id":1000,"Marca":"Porche","Precio":"£448961.66","Color":"Turquoise","Modelo":1998}]